areaName,Borough,areaType,2010-01,2010-02,2010-03,2010-04,2010-05,2010-06,2010-07,2010-08,2010-09,2010-10,2010-11,2010-12,2011-01,2011-02,2011-03,2011-04,2011-05,2011-06,2011-07,2011-08,2011-09,2011-10,2011-11,2011-12,2012-01,2012-02,2012-03,2012-04,2012-05,2012-06,2012-07,2012-08,2012-09,2012-10,2012-11,2012-12,2013-01,2013-02,2013-03,2013-04,2013-05,2013-06,2013-07,2013-08,2013-09,2013-10,2013-11,2013-12,2014-01,2014-02,2014-03,2014-04,2014-05,2014-06,2014-07,2014-08,2014-09,2014-10,2014-11,2014-12,2015-01,2015-02,2015-03,2015-04,2015-05,2015-06,2015-07,2015-08,2015-09,2015-10,2015-11,2015-12,2016-01,2016-02,2016-03,2016-04,2016-05,2016-06,2016-07,2016-08,2016-09,2016-10,2016-11,2016-12,2017-01,2017-02,2017-03,2017-04,2017-05,2017-06,2017-07,2017-08,2017-09,2017-10,2017-11,2017-12,2018-01,2018-02,2018-03,2018-04,2018-05,2018-06,2018-07,2018-08,2018-09,2018-10,2018-11,2018-12,2019-01,2019-02,2019-03,2019-04,2019-05,2019-06,2019-07,2019-08,2019-09,2019-10,2019-11,2019-12,2020-01,2020-02,2020-03
All Downtown,Manhattan,submarket,4268,4531,4599,4694,4504,4593,4275,4060,3446,3310,3272,3180,3404,3253,3612,3592,3801,4145,4199,4186,3585,3476,3504,3368,3706,3691,4063,4256,4782,4968,5382,5106,4451,4413,4174,4139,4796,4955,5360,5983,6195,6192,6631,6580,6056,6431,5764,5451,5724,5933,6732,7639,8240,7844,7555,7394,6895,6485,5918,5837,6229,5830,6669,7116,7780,8319,8555,7950,6865,6683,5985,5845,6221,6468,6921,7282,7656,8096,8345,8553,7607,7307,6987,6464,7054,6825,7617,7878,8801,9324,9223,8119,7211,6834,6024,5465,5890,5589,6090,6801,7548,7835,8229,7716,6129,5859,5122,4587,5148,5114,5959,6905,7803,8054,7974,7445,6073,5455,4697,4253,4662,4358,4163
All Midtown,Manhattan,submarket,3065,3207,3242,3415,3120,3115,3029,2895,2573,2506,2389,2345,2371,2416,2569,2616,2815,2813,2623,2775,2621,2540,2511,2352,2556,2726,2877,2846,2924,3073,3253,3215,2931,2874,2838,2732,3020,3063,3328,3543,3636,3641,3941,3884,3585,3766,3542,3502,3766,3786,4137,4233,4383,4272,4626,4604,4384,4503,4140,4146,4333,4427,4649,4879,4763,5074,5140,5076,4781,4796,4558,4446,4662,4692,5007,5075,5298,5632,5600,5883,5329,5329,5201,4772,5240,5065,5578,5626,6102,6257,6068,5344,4880,5084,4337,4067,4151,4029,4309,4525,4964,4942,5027,4975,4325,4603,4091,3848,4267,3894,4203,4654,4821,4738,4856,4578,4024,3991,3599,3455,3723,3380,2995
All Upper East Side,Manhattan,submarket,2550,2653,2641,2589,2500,2670,2579,2556,2339,2378,2302,2404,2417,2283,2527,2333,2326,2394,2367,2345,2084,1980,1900,1747,1928,1959,2214,2270,2354,2540,2660,2617,2272,2287,2196,2070,2282,2147,2325,2645,2793,2801,3109,3275,2893,3087,2804,2649,2749,2868,2991,3096,3362,3379,3592,3441,3412,3274,2995,2769,2936,2827,3165,3303,3494,3675,3731,3607,3356,3445,3218,2933,3109,3132,3424,3561,3887,4122,4168,4158,3887,3752,3511,3179,3403,3226,3442,3432,3750,3952,3857,3332,3148,3236,2895,2565,2790,2722,2902,3075,3358,3535,3551,3452,2950,3000,2691,2347,2509,2500,2807,3049,3258,3246,3357,3095,2725,2485,2139,1880,2035,1812,1673
All Upper Manhattan,Manhattan,submarket,848,844,813,738,709,771,755,703,606,624,599,585,612,618,660,688,777,758,733,773,707,710,702,688,792,873,927,955,1051,1132,1267,1303,1130,1203,1139,1170,1290,1224,1279,1515,1693,1745,1742,1608,1448,1594,1597,1543,1714,1726,1865,1991,2251,2272,2618,2650,2453,2545,2458,2462,2680,2616,2786,2814,2762,2898,3209,3013,2772,2691,2723,2628,2631,2663,2740,2815,3058,3335,3501,3596,3199,3051,3122,2943,3182,3096,3244,3108,3515,3902,3939,2995,2696,2763,2369,2018,2213,2247,2463,2631,2948,3120,3430,3376,2929,3171,2896,2485,2763,2540,2736,2874,3035,3069,3192,3042,2514,2360,2174,1920,2052,1832,1636
All Upper West Side,Manhattan,submarket,2164,2188,2309,2455,2327,2414,2220,1924,1699,1669,1614,1560,1563,1576,1673,1608,1746,1955,2053,2080,1923,2034,1702,1588,1719,1810,1897,1967,2132,2254,2240,2262,1955,1939,1883,1798,1933,1973,2118,2299,2415,2430,2547,2514,2527,2589,2383,2508,2488,2537,2693,2690,2962,3359,3552,3279,2939,2809,2564,2462,2683,2568,2892,3100,3267,3522,3683,3403,3004,2884,2655,2646,2726,2725,2886,2921,3221,3556,3554,3647,3293,3183,3004,2777,2895,2809,3078,3094,3510,3739,3659,3161,2894,2861,2636,2331,2550,2435,2563,2768,2963,3081,3159,3180,2670,2619,2340,2075,2227,2073,2196,2364,2613,2818,2918,2725,2291,2128,1928,1778,1949,1798,1689
Astoria,Queens,neighborhood,102,100,110,80,59,53,51,47,52,54,54,48,43,39,40,51,95,108,74,64,63,67,58,63,81,74,88,114,152,161,152,137,133,132,146,155,196,202,233,258,302,339,381,306,312,406,444,484,535,593,707,854,984,901,823,836,808,859,1079,1131,934,1077,1176,1149,1398,1510,1148,1069,1046,1154,1138,1005,967,1075,1177,1273,1301,1333,1286,1309,1375,1466,1423,1415,1811,2012,2285,2216,2345,2592,2495,1497,1633,1683,1572,1377,1559,1728,1924,1856,2120,2189,1959,1797,1635,1877,1726,1519,1624,1591,1735,1788,1838,1670,1851,1622,1391,1399,1188,1033,1134,1117,1008
Auburndale,Queens,neighborhood,2,1,1,1,1,1,0,0,0,0,0,0,0,1,2,1,3,4,5,4,4,1,2,4,4,4,5,6,8,11,9,5,5,5,8,9,6,6,6,8,4,0,2,4,3,7,5,2,2,2,5,6,7,6,6,9,5,5,6,8,13,9,11,18,14,10,15,23,16,12,14,9,10,10,13,24,17,14,19,18,16,14,11,5,10,13,17,13,16,23,22,16,19,21,20,16,17,15,19,15,17,14,23,15,18,20,16,16,16,16,21,20,20,13,15,22,23,29,16,21,26,20,17
Bath Beach,Brooklyn,neighborhood,2,2,1,2,2,2,0,2,2,1,1,1,1,1,4,3,4,4,9,12,11,10,11,11,10,9,7,4,6,7,6,6,6,6,5,2,2,2,3,4,3,3,5,5,5,7,12,10,11,9,6,6,11,14,13,10,10,11,8,11,13,14,14,22,20,22,20,21,25,30,18,16,26,21,24,22,20,20,18,25,21,25,31,31,33,35,47,41,39,45,44,20,29,32,17,18,34,32,38,40,51,36,53,69,75,67,49,43,49,57,75,73,75,61,55,30,40,51,39,33,37,29,22
Battery Park City,Manhattan,neighborhood,213,207,206,189,184,200,186,212,196,187,170,180,194,215,237,210,182,214,214,221,228,251,259,224,224,220,251,265,280,305,313,298,268,268,279,236,285,288,300,308,328,327,320,366,332,359,275,320,311,296,303,343,425,318,337,334,291,300,294,275,281,250,284,285,296,296,290,309,285,321,267,257,267,281,279,266,261,292,293,309,260,260,276,238,259,250,253,257,251,252,251,229,216,221,205,215,207,196,211,206,209,219,233,241,216,205,200,168,216,184,218,229,229,223,201,202,180,199,147,142,163,148,138
Bay Ridge,Brooklyn,neighborhood,48,48,45,46,37,43,36,32,29,37,44,35,39,41,48,43,50,52,52,45,43,41,39,33,29,35,37,30,26,32,34,36,46,47,40,34,45,44,48,49,62,51,65,86,95,188,247,245,299,345,316,291,155,176,197,221,250,279,288,272,298,255,264,298,315,252,261,290,269,295,301,267,278,263,239,259,287,308,289,288,245,258,263,233,325,400,519,524,581,655,628,385,378,455,488,372,413,446,512,564,622,667,620,629,562,607,509,452,533,531,558,573,601,534,539,525,434,467,402,326,350,308,250
Baychester,Bronx,neighborhood,0,0,0,0,0,0,0,0,0,0,0,0,0,0,0,0,0,0,0,0,0,0,0,1,1,1,1,1,1,1,0,0,0,0,0,0,0,0,0,0,1,0,0,0,0,0,0,0,0,0,0,0,0,0,0,0,0,0,0,0,0,0,0,0,1,0,0,0,0,0,0,0,0,1,1,1,1,0,0,0,0,0,1,1,0,0,0,2,2,2,0,0,0,0,1,1,0,0,0,0,0,0,0,0,0,0,0,0,0,1,1,1,1,1,0,0,0,0,0,2,0,2,1
Bayside,Queens,neighborhood,12,14,12,10,8,6,4,4,4,4,4,9,6,6,6,10,15,17,18,20,18,20,19,13,13,11,15,15,18,15,20,20,15,11,15,15,11,15,15,16,16,13,17,15,14,12,15,16,16,11,22,22,26,22,26,33,33,35,32,30,37,40,39,31,29,20,25,28,26,23,21,18,27,48,46,50,49,33,28,29,37,41,42,35,37,31,34,33,42,65,85,41,37,39,40,40,33,40,37,29,33,41,46,36,35,30,32,34,48,46,56,44,43,45,48,53,52,55,68,60,51,47,39
Bedford Park,Bronx,neighborhood,2,3,3,2,2,7,3,1,1,2,2,3,3,2,4,4,6,7,7,7,11,8,5,4,5,4,5,6,6,5,11,14,11,9,10,9,7,5,8,4,3,4,8,10,10,12,8,5,7,5,12,14,6,9,31,45,45,45,69,70,82,86,84,67,49,44,46,38,37,45,29,32,38,42,44,37,30,34,36,48,57,50,34,27,34,41,33,36,47,43,46,19,15,21,18,15,14,19,13,14,16,16,19,17,13,15,16,10,11,12,19,24,26,17,23,23,23,29,23,23,21,18,10
Bedford-Stuyvesant,Brooklyn,neighborhood,132,122,118,121,105,110,101,113,107,129,123,139,166,169,147,150,143,134,154,171,150,168,169,159,177,193,180,202,214,218,236,253,219,208,205,241,250,257,289,338,336,350,397,441,404,480,471,497,548,539,700,778,832,871,970,1145,1091,1055,1172,1081,1093,1155,1271,1340,1510,1676,1848,1823,1533,1431,1247,1154,1187,1187,1348,1357,1517,1689,1832,1966,1784,1613,1641,1533,1738,1666,1952,1947,2236,2481,2608,1719,1546,1661,1656,1365,1469,1439,1531,1663,1856,1935,2171,2157,1878,2327,2073,1848,1967,1780,1903,1842,2037,2153,2282,2163,1660,1391,1246,1121,1328,1235,1135
Bellerose,Queens,neighborhood,1,1,1,1,1,1,1,1,1,0,0,0,0,0,0,0,0,0,0,0,0,0,0,0,0,0,0,0,0,0,0,0,0,0,0,0,0,0,0,0,0,0,0,0,0,1,2,4,4,4,6,6,6,10,8,7,12,10,9,6,11,9,3,5,3,3,3,7,4,7,6,5,9,7,6,6,10,9,7,5,3,7,10,6,6,5,3,1,1,6,8,4,2,4,2,6,9,9,6,2,1,1,1,2,1,2,3,4,5,3,2,3,4,4,7,5,8,5,5,4,3,2,2
Belmont,Bronx,neighborhood,1,1,2,2,0,1,1,0,0,0,0,0,0,0,0,0,0,0,1,1,0,0,0,1,1,1,1,1,2,2,2,2,4,34,71,10,8,3,4,3,4,4,18,18,16,16,9,9,8,14,6,4,3,1,3,8,9,17,10,9,17,20,16,10,10,10,11,17,28,28,22,13,14,10,13,20,22,18,19,28,29,23,20,22,19,26,28,31,35,32,48,28,36,29,23,20,24,21,26,20,26,31,43,52,42,35,48,49,37,24,28,31,38,31,46,46,52,45,30,25,20,14,19
Bensonhurst,Brooklyn,neighborhood,0,0,4,5,4,3,6,7,3,5,8,5,3,4,12,17,15,16,11,11,8,4,5,7,6,6,2,5,9,9,7,12,10,9,5,3,12,19,11,11,16,12,21,12,20,18,17,14,17,20,22,18,21,26,32,36,35,34,31,33,45,38,39,37,44,39,40,37,37,46,57,48,45,36,34,32,45,33,27,43,40,48,54,36,43,50,64,58,68,81,75,28,43,50,49,49,54,47,78,90,101,100,93,120,123,121,112,73,91,70,72,71,68,67,98,103,86,70,70,57,65,66,54
Bergen Beach,Brooklyn,neighborhood,1,1,1,1,1,1,0,0,0,0,0,0,0,1,0,0,1,0,0,1,1,0,0,0,0,0,1,1,2,2,4,4,4,2,1,1,1,2,2,2,1,2,2,3,4,3,0,0,0,0,0,1,2,3,5,9,14,13,13,11,8,7,6,8,10,7,4,2,2,1,2,3,2,2,6,6,7,5,5,5,3,11,14,10,11,19,23,17,9,5,8,15,9,10,11,10,6,3,6,8,12,10,13,19,16,14,16,13,12,23,13,11,7,6,4,6,11,10,12,12,8,9,8
Boerum Hill,Brooklyn,neighborhood,45,42,43,32,27,54,55,47,34,28,22,17,24,33,32,35,32,46,43,36,27,20,25,25,28,32,31,32,39,49,36,35,33,34,44,37,28,33,32,55,59,54,76,82,84,86,75,98,104,80,81,116,138,162,151,154,179,140,124,106,135,139,131,136,149,138,161,173,145,140,126,141,146,124,136,138,170,169,164,169,196,178,173,157,187,195,230,238,230,207,226,224,216,217,162,121,135,145,158,166,176,178,176,143,127,118,130,115,114,103,132,142,160,195,168,188,131,121,83,73,85,66,56
Borough Park,Brooklyn,neighborhood,5,4,6,6,5,3,4,8,4,9,10,8,8,12,13,11,12,10,10,12,9,9,10,5,6,7,6,6,11,9,11,9,5,6,4,3,2,1,3,4,6,7,7,8,7,8,12,19,19,19,21,17,22,18,23,26,29,36,41,42,31,29,32,35,39,37,37,43,32,41,26,29,35,37,41,28,40,42,35,53,76,58,68,54,69,69,73,58,73,87,90,49,56,68,53,44,38,44,48,69,67,69,80,76,59,84,97,82,88,67,82,80,98,61,83,94,83,56,55,44,48,46,37
Briarwood,Queens,neighborhood,7,10,9,6,9,8,7,6,8,5,6,10,8,7,6,7,10,7,5,5,4,2,2,5,4,4,3,3,6,8,6,8,8,8,9,8,11,14,11,12,19,20,15,13,8,11,16,19,25,25,26,32,33,34,34,27,35,37,32,37,42,40,53,55,65,84,83,62,57,69,56,45,46,41,52,56,61,60,59,67,77,88,97,81,89,99,104,96,98,126,142,70,81,52,56,68,71,54,46,51,52,59,68,83,64,71,64,56,68,63,65,62,71,82,82,86,71,71,84,72,105,95,60
Brighton Beach,Brooklyn,neighborhood,5,5,4,3,2,3,2,4,3,3,2,2,7,11,13,9,13,16,10,9,12,12,3,6,4,5,6,6,16,22,23,22,18,17,21,22,15,17,27,26,45,40,40,47,44,41,39,26,18,39,27,29,31,41,47,57,60,62,61,88,73,58,70,123,114,102,76,83,99,100,110,91,95,84,76,90,79,64,60,70,65,62,67,67,75,60,88,100,134,146,112,47,39,53,42,51,63,68,75,86,120,96,93,116,87,74,71,81,77,81,96,114,79,85,109,105,89,79,79,66,60,65,49
Bronx,Bronx,borough,165,183,186,154,138,119,107,109,81,97,101,104,117,103,115,123,156,165,166,179,180,188,179,166,181,188,200,195,198,219,247,230,227,284,319,223,208,194,198,217,221,226,251,243,228,230,256,259,273,302,323,319,324,369,493,560,592,577,625,656,674,708,776,736,649,714,785,719,700,776,753,780,830,790,790,717,719,706,712,851,887,876,888,808,888,892,911,870,903,987,932,686,705,774,744,658,677,670,676,686,786,831,919,1066,928,1123,1062,989,1061,1007,1058,1013,1145,1017,1088,1043,985,882,834,728,716,649,560
Bronxwood,Bronx,neighborhood,0,0,0,0,0,0,1,1,1,0,0,0,0,1,1,1,5,4,0,1,1,0,3,3,2,3,2,1,7,7,9,4,2,6,6,0,0,0,0,0,1,1,1,2,2,3,6,3,7,5,6,5,5,4,3,9,8,3,3,10,7,10,7,5,7,6,8,7,7,7,5,8,6,5,4,3,2,3,1,6,12,16,15,18,26,34,27,26,16,22,21,14,10,17,17,18,14,28,28,22,15,19,21,28,23,18,21,27,26,26,13,11,23,21,18,23,18,11,19,27,31,21,4
Brooklyn,Brooklyn,borough,1831,1799,1860,1857,1688,1637,1577,1581,1384,1429,1563,1492,1678,1798,1888,1791,1960,1992,2096,1935,1703,1661,1660,1762,1802,1911,2021,2081,2300,2535,2607,2569,2468,2572,2474,2483,2742,2742,2711,3034,3279,3361,4044,4464,4331,4914,4854,5208,5695,5565,5922,6354,6845,7555,8620,9262,9082,8998,9052,8832,9387,9603,10067,10397,11126,12376,13241,13458,11783,10993,9771,9056,9552,9306,10087,10523,11947,12758,13360,14150,13150,12133,12084,11222,12998,12975,14931,14977,17082,18837,18796,14230,12976,13363,12254,10722,11694,11440,12418,13336,15517,16380,17753,18246,15306,17460,16185,15030,16236,14533,14930,14046,15197,14868,15247,14539,11957,10292,9078,8119,9191,8699,7933
Brooklyn Heights,Brooklyn,neighborhood,100,111,119,111,121,99,79,78,83,75,68,62,61,58,67,66,82,100,121,105,88,76,81,93,107,107,118,115,123,130,112,88,89,93,84,76,114,113,106,120,163,151,176,170,168,202,188,206,209,197,222,222,228,297,323,323,307,254,246,269,274,260,276,275,294,295,289,292,256,279,247,217,225,210,215,224,284,324,374,353,336,294,293,278,303,300,334,369,399,479,428,354,277,300,239,218,230,226,240,276,278,289,260,233,202,203,215,185,221,215,255,250,310,318,430,310,293,259,212,178,210,206,186
Brookville,Queens,neighborhood,2,1,1,0,0,0,0,0,0,0,0,0,0,0,0,0,0,0,0,0,0,0,0,0,0,0,0,0,0,1,1,0,0,0,0,0,0,0,0,0,0,0,0,0,0,0,0,0,0,0,0,0,0,0,0,0,0,0,1,0,0,0,0,0,0,1,1,0,0,0,0,0,1,0,0,0,0,0,1,1,2,2,1,1,1,0,0,2,2,1,1,0,0,0,1,1,1,1,0,1,0,2,2,3,1,1,2,2,2,2,0,1,1,1,0,0,0,0,0,2,2,3,0
Brownsville,Brooklyn,neighborhood,4,2,3,2,2,2,2,2,2,2,2,4,5,5,5,4,4,4,4,4,3,4,6,6,6,5,7,6,9,10,9,7,4,3,3,6,10,16,14,13,12,12,13,11,15,13,13,9,14,16,16,17,16,20,22,21,15,13,16,15,20,22,27,37,56,46,37,43,45,53,49,44,50,39,46,41,37,39,46,54,52,46,49,42,40,43,68,51,69,82,69,39,39,39,41,38,48,42,30,48,54,46,41,33,29,48,74,66,55,45,55,63,77,58,46,52,43,35,40,40,27,30,32
Bushwick,Brooklyn,neighborhood,13,12,20,52,41,18,22,16,21,19,20,51,72,96,124,77,78,33,38,40,20,24,36,30,36,50,65,76,79,102,105,87,75,68,59,61,81,105,102,97,102,125,153,207,191,248,267,261,276,293,332,409,473,552,643,621,568,498,520,483,598,625,670,800,895,1208,1513,1445,1032,860,696,648,641,704,762,845,1188,1280,1406,1486,1300,1099,1024,932,962,945,1162,1260,1613,2012,2045,1488,1381,1205,1211,1003,1141,1018,1152,1238,1709,1991,2354,2718,2114,2515,2437,2408,2428,1990,1773,1541,1789,1778,1952,1807,1437,1129,917,780,882,889,846
Cambria Heights,Queens,neighborhood,0,0,0,0,0,0,0,0,0,0,0,0,0,0,0,0,0,0,0,0,0,0,0,0,0,0,0,0,0,0,0,0,0,0,0,0,0,0,0,0,0,0,0,0,0,0,0,0,0,0,0,0,0,0,0,0,0,0,0,0,0,0,0,2,0,0,0,0,0,0,0,0,1,2,0,0,2,2,1,1,1,1,1,1,1,0,2,2,1,1,2,1,0,1,1,1,1,1,1,0,0,0,0,0,0,0,1,0,1,1,1,1,1,0,0,0,0,0,0,1,0,1,0
Canarsie,Brooklyn,neighborhood,2,4,4,3,0,0,0,0,0,2,6,4,6,8,6,9,10,11,14,10,7,7,6,5,2,2,2,3,3,4,2,2,4,2,2,4,8,3,6,8,8,8,10,9,12,9,5,6,4,3,6,8,11,13,18,13,9,15,15,20,17,19,22,17,20,25,23,22,26,24,23,25,16,15,13,13,18,15,16,17,27,30,34,25,22,22,31,20,31,36,34,23,27,27,29,18,32,35,41,34,36,33,30,44,36,33,34,29,34,44,43,26,34,33,35,45,34,34,26,26,38,33,19
Carroll Gardens,Brooklyn,neighborhood,84,80,69,62,64,56,48,41,27,29,37,30,34,30,33,35,58,54,49,49,53,38,32,40,48,45,56,58,73,83,72,71,54,65,59,47,43,35,33,42,62,78,89,65,67,75,69,69,81,109,125,126,129,170,168,194,267,230,184,188,189,214,224,233,212,209,234,229,203,197,194,182,182,189,206,197,196,258,295,279,257,237,228,198,208,214,254,247,297,318,294,234,200,234,175,152,173,215,217,192,230,215,238,210,191,186,132,103,148,166,175,159,169,183,191,190,153,144,128,104,94,98,107
Castle Hill,Bronx,neighborhood,0,0,0,0,0,0,0,0,1,1,1,0,0,0,0,0,1,1,1,0,0,0,0,0,1,1,1,0,0,0,0,3,3,1,1,1,0,1,1,0,0,0,0,0,0,0,0,0,0,0,0,0,0,0,1,1,0,1,1,26,20,8,4,3,4,4,5,8,10,13,8,9,15,12,9,12,11,6,10,45,52,57,44,44,32,25,23,27,19,18,18,20,18,20,21,19,14,4,9,8,12,12,11,25,24,13,7,6,5,2,16,16,14,4,8,2,3,1,1,1,2,3,4
Central Harlem,Manhattan,neighborhood,430,402,345,316,288,325,302,301,262,281,263,241,248,249,290,310,304,292,294,288,301,304,284,268,352,354,375,360,428,451,468,482,439,504,467,484,489,479,452,580,688,728,674,581,537,622,614,587,657,629,670,701,790,774,873,922,835,785,797,788,831,844,888,879,879,980,1002,916,894,879,914,869,895,887,914,900,1060,1161,1173,1195,1102,1070,1071,961,1019,992,1093,1023,1150,1275,1253,877,751,753,663,577,645,675,725,792,931,1035,1045,1006,896,934,874,769,864,836,897,955,995,998,1003,892,785,711,633,565,663,612,556
Central Park South,Manhattan,neighborhood,117,105,113,99,91,105,98,90,77,77,75,78,71,75,80,77,79,74,72,82,84,84,79,80,87,91,106,91,78,91,91,94,75,79,87,85,93,94,108,98,99,105,117,105,101,108,106,99,97,105,97,95,108,128,127,123,117,128,119,120,138,129,117,118,105,108,119,109,107,119,115,102,103,117,119,111,120,114,105,105,102,107,113,108,111,104,117,112,106,114,107,77,81,96,84,75,74,71,80,72,81,88,69,71,64,70,63,61,59,67,70,74,89,88,92,83,80,73,74,82,85,84,75
Central Queens,Queens,submarket,180,172,177,196,268,269,257,241,263,275,283,294,282,278,178,182,214,215,188,181,167,203,203,179,163,198,226,227,172,174,227,208,194,258,246,240,259,238,245,241,231,185,204,214,209,319,373,341,369,393,438,629,885,583,666,606,568,741,742,726,783,852,998,1034,1032,1011,952,946,1058,1135,1141,1001,966,1008,1099,1024,1082,1182,1184,1188,1220,1305,1294,1188,1457,1573,1861,1852,1995,2162,2166,1450,1477,1528,1372,1268,1446,1488,1587,1584,1624,1729,1638,1637,1523,1722,1741,1547,1583,1453,1592,1606,1694,1636,1563,1492,1364,1425,1216,1119,1277,1160,992
Chelsea,Manhattan,neighborhood,605,658,678,666,599,607,624,570,494,503,444,390,417,414,469,407,458,457,457,496,465,453,449,399,419,427,508,533,595,646,626,578,551,536,497,509,619,621,742,846,766,700,709,687,687,696,643,703,768,762,843,873,886,921,1019,972,954,942,875,903,945,909,954,1008,1046,1081,1087,995,941,974,879,833,849,902,994,945,947,1037,1147,1156,1104,1051,1010,958,1036,1016,1082,1015,1141,1221,1190,1069,1036,979,918,835,884,807,866,909,987,1025,1031,987,812,815,726,617,707,720,824,925,1038,1060,948,919,792,764,678,650,751,688,652
Chinatown,Manhattan,neighborhood,19,17,16,16,23,26,30,27,38,33,40,33,39,31,27,25,24,26,35,29,22,21,20,20,18,20,26,29,38,39,40,31,22,23,28,34,31,31,40,36,39,47,41,33,26,39,40,47,51,44,56,44,58,54,73,76,66,63,52,61,71,60,69,59,57,65,85,83,53,62,55,42,47,47,61,76,90,79,76,89,78,66,59,68,65,79,104,101,105,92,80,92,79,74,74,67,62,68,67,80,80,61,76,74,65,63,58,57,65,81,81,89,104,86,112,89,96,67,64,46,47,59,58
City Island,Bronx,neighborhood,0,0,0,0,0,0,0,0,0,0,0,0,0,0,0,0,0,0,0,0,0,0,0,0,0,0,0,0,0,0,0,0,1,1,1,1,1,1,1,1,1,0,0,1,1,0,0,0,0,1,2,1,0,0,0,1,1,1,2,1,2,1,1,1,1,0,0,0,0,1,1,1,3,2,3,2,2,1,1,1,0,1,2,2,2,1,1,1,1,2,2,1,0,0,0,0,0,1,1,0,0,0,1,1,1,1,1,2,3,1,1,2,3,1,3,1,0,1,0,1,1,1,2
Civic Center,Manhattan,neighborhood,0,0,0,0,1,1,1,1,1,0,0,1,1,1,1,1,1,1,1,0,0,0,0,0,0,0,2,2,2,1,1,1,1,1,0,0,0,0,0,0,0,0,1,1,1,2,1,1,2,2,2,1,1,1,0,0,0,1,2,2,2,1,0,0,0,0,1,1,1,0,0,0,0,0,0,0,0,0,1,1,1,1,1,1,1,0,0,0,2,8,3,3,5,2,1,2,1,0,0,1,6,0,0,0,0,0,0,0,0,0,0,5,5,1,0,2,1,2,1,1,1,1,0
Clearview,Queens,neighborhood,4,4,4,3,2,1,1,1,1,1,1,2,2,1,2,3,4,4,3,2,1,1,2,1,1,0,0,1,1,0,0,0,0,0,0,0,0,0,0,0,1,1,1,0,1,1,1,1,0,0,1,3,1,2,2,3,2,2,2,1,1,1,1,0,1,1,2,2,1,1,1,1,4,3,3,1,2,3,3,2,1,2,3,2,2,2,2,1,3,8,7,0,1,2,3,2,2,0,1,0,0,0,1,1,1,0,1,2,1,5,5,9,3,2,2,2,8,7,3,1,3,4,2
Clinton Hill,Brooklyn,neighborhood,60,67,92,91,79,73,73,92,88,83,136,153,144,129,127,122,144,139,145,144,92,82,105,105,84,77,76,90,94,146,150,137,133,102,97,92,94,106,124,136,150,148,167,230,206,235,213,209,195,193,201,222,252,308,408,400,380,374,342,352,369,338,332,309,310,416,411,446,416,354,309,299,339,300,288,300,326,357,411,421,371,353,410,405,459,440,448,438,468,487,513,452,417,411,341,294,310,302,315,334,347,352,377,412,302,366,345,324,328,369,394,328,354,347,333,337,289,231,206,167,192,177,176
Co-op City,Bronx,neighborhood,0,0,0,0,0,0,0,0,0,0,0,0,0,0,0,0,0,0,0,0,0,0,0,0,0,0,0,0,0,0,0,0,0,0,1,1,1,1,0,0,0,0,0,0,0,0,7,8,8,8,0,0,0,0,0,0,0,0,0,0,0,0,0,2,2,1,0,0,0,0,0,0,0,0,0,0,0,0,0,0,0,0,0,0,0,0,0,0,0,0,0,0,0,0,0,0,1,1,0,0,0,0,0,0,0,0,0,0,0,0,0,0,0,0,0,0,0,0,0,0,0,0,0
Cobble Hill,Brooklyn,neighborhood,32,28,30,31,33,41,40,32,24,26,20,11,20,24,23,19,30,43,47,25,22,36,36,30,36,25,33,40,47,52,44,42,41,38,34,34,47,32,33,53,49,53,75,76,71,68,60,59,70,74,66,72,80,95,108,132,145,134,122,120,117,112,113,109,119,129,132,144,125,138,124,117,135,104,109,125,136,143,133,139,129,125,110,118,137,131,157,154,168,164,186,148,131,128,107,94,126,124,132,141,156,146,153,138,125,114,103,100,112,89,96,122,117,120,102,93,101,92,68,73,76,70,76
College Point,Queens,neighborhood,5,3,3,2,0,0,0,0,0,0,0,0,0,1,1,1,1,2,2,2,1,2,2,2,3,5,1,2,7,6,6,6,2,2,2,2,2,2,4,4,0,0,1,1,6,6,2,2,2,2,4,5,7,6,2,3,2,2,2,3,2,2,4,6,5,5,3,3,0,9,5,3,2,3,5,4,7,9,5,8,7,8,9,11,10,9,6,8,9,25,27,10,7,9,5,1,3,5,8,11,10,9,9,8,9,10,16,11,10,3,9,7,5,9,9,7,4,5,6,8,7,4,1
Columbia St Waterfront District,Brooklyn,neighborhood,13,10,9,9,12,15,13,16,14,10,12,10,15,15,33,29,22,7,15,14,7,14,10,9,16,23,16,9,14,27,28,25,13,16,18,12,14,14,17,22,23,22,34,32,30,28,24,26,35,30,44,46,33,46,37,40,28,28,37,37,48,55,51,53,61,68,58,71,59,50,39,35,43,52,47,63,64,68,66,77,56,58,53,49,63,67,68,63,68,72,74,81,99,70,52,35,37,39,36,47,53,43,32,48,52,55,54,44,75,48,68,70,57,44,32,37,28,32,20,22,19,23,28
Concourse,Bronx,neighborhood,8,9,7,10,7,8,8,7,8,13,9,10,12,8,11,8,9,13,9,11,17,15,13,13,15,17,13,15,16,24,28,22,23,25,22,19,23,13,16,18,17,14,10,12,13,14,12,18,19,19,22,21,20,23,32,38,53,53,46,22,25,19,27,33,31,46,61,60,41,41,46,57,46,29,43,50,49,44,46,47,57,52,55,57,56,57,53,40,58,63,58,50,46,34,44,39,35,36,29,36,44,41,41,50,62,90,79,68,85,104,92,101,105,97,76,55,58,68,74,59,47,42,51
Coney Island,Brooklyn,neighborhood,5,2,2,0,0,0,0,0,0,0,0,0,0,1,0,0,0,0,0,0,0,0,0,2,3,5,5,3,3,3,4,9,8,22,19,8,14,15,16,17,19,17,21,16,18,25,25,20,11,13,14,19,13,10,13,12,20,17,14,22,33,25,34,28,34,42,46,53,81,56,30,32,51,40,32,30,38,31,31,28,33,38,32,25,32,33,38,30,33,34,38,21,30,34,26,25,22,24,42,40,36,35,37,32,26,27,18,22,22,16,29,21,24,22,22,20,23,25,29,43,52,49,42
Corona,Queens,neighborhood,29,28,27,27,149,149,150,150,151,150,150,153,153,154,29,30,29,29,28,29,31,31,30,3,2,2,3,2,2,1,7,5,4,3,2,1,3,1,2,1,1,2,2,2,2,1,2,1,3,2,2,68,202,36,35,35,26,18,12,18,23,24,10,29,40,47,41,32,58,49,62,57,41,40,67,58,39,63,66,56,58,58,62,57,61,64,70,83,73,90,71,69,49,65,58,57,71,84,62,44,33,28,21,18,21,33,34,32,29,27,28,45,51,29,24,25,37,54,46,42,55,55,61
Country Club,Bronx,neighborhood,0,0,0,0,0,0,0,0,0,0,0,0,0,0,0,0,0,0,0,0,0,1,1,0,0,0,0,0,1,1,1,0,0,0,0,2,1,2,1,1,1,0,0,0,0,0,2,2,2,2,1,1,0,1,1,0,0,0,0,0,0,0,0,0,0,0,0,0,0,5,8,2,0,1,1,1,3,2,1,1,0,0,0,0,0,0,0,1,1,3,3,1,2,2,1,1,0,0,0,0,2,3,2,2,2,4,1,1,4,2,2,2,2,3,1,0,1,3,1,0,4,6,2
Crotona Park East,Bronx,neighborhood,1,1,0,0,1,1,0,0,0,0,0,0,0,0,0,0,0,0,1,1,0,0,0,0,0,0,0,0,0,0,0,0,0,0,1,1,0,1,1,1,0,0,0,0,1,1,1,1,1,4,1,0,0,1,1,0,0,0,0,2,0,2,2,0,1,1,1,2,2,5,8,4,5,5,7,9,2,3,2,0,0,8,5,1,3,2,3,2,2,2,1,0,1,3,8,6,4,4,3,2,1,5,6,7,6,4,6,6,11,10,13,7,12,11,5,14,11,5,7,5,14,14,17
Crown Heights,Brooklyn,neighborhood,87,78,78,84,83,67,67,79,73,61,92,97,129,135,117,105,110,117,137,112,122,97,105,114,129,115,133,126,123,121,144,135,105,123,137,143,157,161,149,153,160,162,199,228,227,292,293,311,341,356,415,409,466,526,664,723,663,713,751,737,725,781,820,866,959,1123,1149,1211,1050,880,756,711,722,700,712,785,862,1012,1119,1248,1114,1002,987,869,977,962,1214,1311,1609,1826,1811,1195,1155,1226,1216,1134,1087,991,1043,1209,1522,1569,1517,1470,1213,1376,1397,1371,1321,1346,1426,1329,1437,1570,1490,1471,1238,899,842,844,960,832,749
DUMBO,Brooklyn,neighborhood,40,51,69,78,87,72,49,44,37,40,38,36,34,43,54,57,54,59,68,63,50,48,41,36,57,69,76,99,103,99,81,77,60,48,43,34,34,42,53,75,94,97,108,140,106,78,74,68,90,96,101,105,106,110,120,115,100,101,110,89,107,90,97,99,92,124,108,128,131,118,90,86,98,96,109,104,103,118,130,134,120,109,100,112,127,126,134,141,140,158,138,126,113,116,93,88,89,90,84,73,83,100,108,96,72,74,73,72,79,74,97,116,117,116,107,88,79,66,60,51,87,77,70
Ditmas Park,Brooklyn,neighborhood,11,10,14,11,6,9,12,10,8,8,12,9,11,18,21,18,18,26,23,22,22,29,26,20,23,28,25,21,14,24,29,30,30,32,35,22,37,30,31,26,30,29,34,38,28,33,54,46,59,56,48,60,80,88,96,96,102,135,139,132,167,168,182,170,165,165,192,208,155,156,144,118,117,136,160,151,131,136,139,136,115,130,146,143,185,181,214,219,258,262,280,162,147,177,165,141,149,154,159,153,220,181,268,222,187,230,248,249,248,246,288,224,284,220,187,208,229,210,196,177,176,157,124
Douglaston,Queens,neighborhood,4,4,4,3,1,2,1,1,1,1,1,3,3,2,2,3,5,4,2,2,2,1,3,1,1,0,1,3,2,1,4,6,4,5,5,5,5,3,3,3,2,3,7,8,10,12,10,11,8,8,5,5,6,4,3,3,3,3,5,15,7,8,7,3,2,5,6,3,2,2,2,1,5,5,6,9,4,4,2,5,4,6,7,4,5,3,2,6,8,9,12,4,4,4,4,5,1,1,2,2,2,1,1,3,5,8,7,9,6,7,5,3,3,2,2,4,2,2,4,3,5,9,9
Downtown Brooklyn,Brooklyn,neighborhood,149,144,146,145,101,84,94,99,106,104,116,70,77,78,89,89,107,103,116,117,105,77,76,72,80,95,112,105,115,126,106,111,124,131,132,171,140,148,121,117,134,126,144,157,188,202,180,205,216,236,235,248,242,270,269,329,323,299,263,261,282,260,269,274,289,276,274,301,338,355,346,357,438,396,417,488,508,513,424,491,494,476,444,395,413,380,403,388,432,516,494,447,448,497,448,445,499,374,498,419,435,401,452,429,364,401,388,350,400,406,396,422,414,420,416,379,349,349,312,272,319,274,248
Dyker Heights,Brooklyn,neighborhood,7,6,8,8,11,7,7,10,8,11,11,10,11,11,13,17,16,15,13,14,13,14,12,9,14,11,7,8,9,5,5,3,5,3,3,4,5,11,10,11,12,10,4,7,8,9,16,9,10,22,19,15,10,19,26,23,25,29,33,28,29,24,26,31,35,39,34,42,39,34,42,30,28,33,31,40,45,35,45,54,43,43,45,47,63,59,76,67,61,58,66,31,38,34,44,29,34,37,59,56,57,69,64,65,62,54,53,45,65,67,56,53,70,59,45,66,58,52,46,37,33,31,19
East Brooklyn,Brooklyn,submarket,239,216,221,261,231,197,192,212,208,213,238,292,374,408,398,343,341,293,338,330,298,300,321,311,354,369,396,417,434,459,503,493,417,415,416,466,525,566,574,619,623,658,780,907,855,1056,1071,1103,1218,1243,1501,1636,1809,1993,2340,2554,2379,2313,2494,2358,2494,2630,2820,3082,3460,4112,4598,4577,3719,3280,2795,2609,2646,2684,2927,3100,3686,4086,4474,4827,4314,3827,3781,3454,3812,3721,4516,4682,5652,6573,6674,4507,4189,4215,4202,3611,3828,3574,3859,4258,5235,5626,6176,6495,5341,6358,6061,5772,5886,5274,5276,4887,5442,5680,5905,5606,4483,3596,3181,2915,3344,3108,2867
East Elmhurst,Queens,neighborhood,1,1,1,1,1,1,1,1,1,0,0,0,0,0,0,0,0,0,0,0,1,1,1,1,1,1,1,1,0,0,0,0,0,0,0,0,0,0,0,0,0,0,1,1,3,3,4,1,1,1,2,10,9,4,3,5,1,1,4,4,3,4,3,3,3,5,4,1,1,1,2,4,1,4,3,2,1,1,2,1,2,2,2,0,1,3,4,7,8,8,7,4,4,2,5,2,4,7,4,3,3,4,3,12,7,9,8,12,9,6,7,7,7,6,5,5,7,3,8,8,7,11,8
East Flatbush,Brooklyn,neighborhood,19,17,21,18,6,9,20,18,20,11,6,13,14,12,16,16,14,16,16,20,18,13,17,10,13,18,17,16,16,15,20,18,20,13,10,15,15,19,18,16,25,17,32,37,21,27,39,37,49,68,47,51,50,51,67,97,112,120,100,83,80,99,145,111,105,139,145,156,175,186,200,182,141,136,178,172,204,213,165,175,177,145,162,160,225,220,239,216,248,264,249,175,209,206,172,188,222,201,213,238,217,213,272,287,227,251,211,189,198,179,225,203,218,231,257,253,226,198,232,214,253,231,171
East Harlem,Manhattan,neighborhood,115,109,123,101,112,131,149,150,122,103,90,89,93,97,88,95,108,115,118,176,128,119,117,102,108,153,169,175,183,215,194,198,185,188,192,174,241,225,239,234,259,270,299,312,304,327,354,327,323,352,395,445,485,518,562,590,558,547,472,450,507,504,548,599,575,585,718,747,655,581,571,557,536,542,578,627,661,642,660,656,599,540,503,465,496,485,502,498,570,649,649,630,666,681,457,360,379,389,419,434,474,466,508,540,456,507,446,389,429,386,434,465,516,476,450,482,415,387,342,290,342,302,273
East New York,Brooklyn,neighborhood,3,2,2,2,0,0,0,2,5,2,1,1,2,3,5,7,6,5,5,3,3,7,5,2,6,6,11,7,9,8,9,11,14,13,12,15,27,27,20,18,13,9,18,20,18,23,27,25,39,39,38,23,22,24,41,44,42,34,35,42,58,47,32,39,40,59,51,55,59,56,47,52,46,54,59,72,82,66,71,73,64,67,80,78,95,105,120,113,125,172,141,66,68,84,78,71,83,84,103,100,94,85,93,117,107,92,80,79,115,113,119,112,102,121,135,113,105,142,136,130,147,122,105
East Tremont,Bronx,neighborhood,0,0,1,1,1,1,0,0,0,0,0,0,0,0,1,1,1,1,1,2,1,1,0,0,0,0,0,0,1,7,7,7,6,6,2,2,1,1,2,2,1,1,0,0,1,1,1,1,1,11,9,15,9,6,17,25,17,9,11,13,17,17,19,14,20,19,10,20,21,20,29,19,12,6,11,10,7,5,8,9,14,11,8,8,11,18,15,13,14,19,20,8,13,17,10,13,14,15,16,14,7,14,20,21,17,25,24,24,23,15,35,27,21,16,9,12,10,11,12,7,10,10,8
East Village,Manhattan,neighborhood,457,486,537,539,562,566,499,422,343,321,332,312,329,310,341,402,444,502,499,497,383,379,354,350,386,420,470,560,616,691,873,774,600,561,555,514,590,578,566,729,869,1021,1074,1150,950,841,689,667,747,763,872,918,1150,1279,1397,1338,1243,1179,1090,1088,1169,978,1153,1329,1430,1698,1782,1456,1142,1089,1002,921,1020,1011,1126,1228,1371,1470,1558,1589,1296,1240,1098,985,1136,1076,1213,1398,1663,1899,1980,1681,1335,1154,891,861,879,844,978,1209,1503,1672,1834,1670,1202,1084,874,735,798,856,1095,1343,1591,1774,1818,1591,1074,854,671,622,661,626,621
Eastchester,Bronx,neighborhood,0,0,0,0,0,0,0,0,0,0,0,0,0,0,0,0,0,0,0,1,1,0,0,0,0,0,0,0,0,0,0,0,0,0,0,0,0,0,0,0,0,0,0,0,0,0,0,0,0,0,0,0,0,0,0,0,0,0,0,0,0,0,0,0,0,1,1,2,0,0,0,0,0,0,0,0,0,0,0,0,3,4,3,0,0,0,1,0,0,0,0,0,0,0,0,0,1,1,4,1,0,0,1,0,2,7,5,9,4,2,0,0,3,2,6,4,2,3,3,1,3,3,1
Edenwald,Bronx,neighborhood,0,0,0,0,0,0,0,0,0,0,0,0,0,0,0,0,0,0,0,1,1,0,0,0,0,0,0,0,1,1,1,1,1,1,1,1,1,3,3,3,2,2,2,2,4,4,3,3,2,2,2,3,2,2,2,2,2,3,2,1,0,0,0,0,0,0,0,0,0,0,0,0,1,1,1,1,2,3,3,1,0,1,1,1,2,3,2,3,2,2,3,0,0,0,0,0,1,1,1,1,2,3,0,0,0,1,2,3,2,1,0,1,4,4,5,6,4,0,0,0,2,4,0
Elmhurst,Queens,neighborhood,10,11,10,11,9,11,7,5,5,7,5,6,8,5,4,6,8,10,8,11,6,4,7,5,3,4,5,6,3,1,8,12,10,63,50,42,33,34,41,34,27,20,23,22,14,27,31,28,34,32,31,34,50,50,48,38,41,45,47,44,37,32,47,48,38,49,62,71,76,69,60,53,55,66,66,73,77,75,70,71,75,67,72,59,91,137,153,136,129,174,161,82,90,90,99,93,117,130,149,110,109,131,98,112,95,128,111,110,141,104,116,99,115,98,102,109,114,112,87,82,119,98,62
Financial District,Manhattan,neighborhood,644,669,626,602,530,534,533,531,533,554,567,573,601,529,589,595,590,627,635,642,623,572,635,618,656,632,742,682,684,669,703,727,645,736,653,749,895,961,1031,1067,1088,1066,1092,1075,1065,1120,916,900,902,925,994,1097,1039,1005,982,1002,919,850,792,790,853,792,841,848,936,964,923,918,863,854,790,788,846,889,926,988,952,978,924,997,888,869,794,791,861,887,940,938,998,1050,961,913,844,810,799,748,821,720,707,761,788,808,809,788,693,689,633,597,686,636,713,728,845,869,878,845,796,731,650,581,606,547,537
Flatbush,Brooklyn,neighborhood,9,10,8,11,8,13,9,19,20,15,15,14,12,17,18,42,23,22,20,19,22,23,25,16,14,12,12,8,6,15,20,29,22,30,23,21,29,27,36,47,44,55,57,78,72,71,50,59,62,52,48,61,72,90,134,194,226,260,282,255,204,210,186,208,241,276,251,252,226,234,221,224,213,197,209,204,221,262,269,274,306,295,356,367,409,380,428,411,442,455,480,382,395,399,415,333,398,401,360,333,393,450,558,568,424,626,693,698,787,634,592,506,549,496,522,545,501,462,414,387,441,441,385
Flatiron,Manhattan,neighborhood,287,288,291,279,279,273,244,266,247,241,263,242,231,217,243,232,253,248,243,255,212,242,213,164,206,193,215,236,289,298,296,305,297,310,273,265,278,296,364,374,366,337,378,378,378,629,965,724,660,599,537,433,465,397,432,426,430,458,423,446,547,513,637,623,626,609,575,546,527,515,462,469,480,472,514,511,560,574,556,523,498,529,522,453,485,442,541,552,621,601,562,481,454,501,398,372,413,387,434,452,484,531,503,443,348,373,329,308,331,317,362,424,472,472,449,427,385,337,323,313,332,302,290
Flatlands,Brooklyn,neighborhood,0,1,1,1,1,1,1,1,1,1,1,1,2,3,5,3,4,4,5,4,4,2,0,0,0,0,0,1,1,1,0,1,1,4,2,2,2,2,2,4,3,2,2,2,1,2,2,2,1,1,2,3,2,5,5,2,2,3,3,3,7,6,6,5,4,1,3,5,4,6,6,7,6,5,5,4,5,4,6,6,8,11,5,2,6,5,7,7,13,10,8,1,4,4,11,9,13,10,9,7,6,7,7,16,16,18,12,10,9,12,18,5,6,11,10,8,12,11,9,12,8,4,7
Floral Park,Queens,neighborhood,0,0,0,0,0,0,0,0,0,0,0,0,0,0,0,0,0,0,0,0,0,0,0,0,0,1,1,0,0,0,0,0,0,0,0,0,1,1,2,1,1,1,1,1,1,1,1,1,1,2,2,2,0,0,0,0,0,0,0,0,0,0,0,0,0,0,0,0,0,0,1,1,1,0,0,0,0,0,0,0,0,0,0,0,1,1,1,0,0,0,0,1,0,0,0,0,0,0,0,0,0,0,0,0,0,0,0,0,0,1,1,2,2,1,2,2,2,1,1,0,0,1,1
Flushing,Queens,neighborhood,28,25,18,16,13,8,13,9,9,9,7,15,19,18,19,23,35,34,39,43,44,55,40,25,29,28,24,27,32,32,55,42,40,28,30,28,33,30,37,40,31,34,32,44,43,32,36,40,46,49,56,62,67,76,71,62,70,76,68,76,87,86,83,87,82,82,108,114,122,106,117,112,95,86,124,96,86,116,122,136,132,113,98,103,132,146,200,215,265,354,384,198,149,148,132,146,135,146,158,151,162,161,188,173,178,217,201,207,200,184,196,186,235,213,200,216,218,244,211,173,166,160,102
Fordham,Bronx,neighborhood,0,0,0,0,0,0,1,1,0,0,0,0,0,0,0,0,0,0,0,0,0,0,2,2,2,2,2,2,1,4,3,4,6,12,13,5,2,2,1,1,1,3,2,2,3,6,6,4,8,9,2,2,9,6,8,7,9,9,13,27,17,24,19,11,13,26,22,20,25,42,38,34,28,23,32,28,34,31,31,29,30,36,47,35,47,50,48,51,50,48,31,15,26,25,22,20,21,38,30,37,41,39,50,63,52,42,28,30,38,45,50,51,62,44,46,47,43,35,32,21,24,18,21
Forest Hills,Queens,neighborhood,83,71,81,84,61,60,57,53,65,68,76,71,66,64,85,92,103,87,84,79,76,105,92,88,78,73,113,101,92,75,100,91,92,91,89,89,97,102,102,101,99,82,81,87,86,119,140,124,137,125,144,229,283,215,244,197,199,259,251,221,228,263,290,285,291,280,292,303,313,317,318,283,247,229,241,230,246,278,269,268,275,289,273,265,316,337,406,409,448,483,526,329,330,320,270,269,287,260,306,322,342,389,394,362,323,347,393,359,333,330,347,357,409,388,404,380,325,379,316,277,288,250,229
Fort Greene,Brooklyn,neighborhood,101,109,101,103,86,72,81,76,67,64,76,74,81,68,65,80,91,93,90,86,82,102,89,57,65,72,77,92,90,108,121,104,78,71,78,77,83,96,91,95,114,109,134,134,138,127,147,168,191,210,184,157,192,225,242,259,269,245,204,198,211,272,264,287,289,284,318,344,315,310,264,245,230,238,276,276,295,297,333,361,382,365,373,356,420,377,389,384,457,513,499,383,342,321,261,207,194,224,224,222,249,266,273,253,228,223,185,195,202,215,234,263,262,268,308,241,189,201,163,158,179,170,165
Fresh Meadows,Queens,neighborhood,0,0,0,0,0,0,0,0,0,0,0,0,0,0,0,0,0,0,0,1,2,1,0,1,0,0,0,1,1,1,0,0,0,0,0,0,4,4,4,4,2,0,0,0,1,0,0,1,1,2,3,6,4,5,8,5,2,3,1,4,5,2,3,6,5,3,4,4,5,4,5,2,2,2,2,1,3,5,5,3,3,2,4,2,6,10,12,13,16,10,11,4,2,2,2,0,1,3,3,2,2,3,2,3,6,4,6,5,3,6,6,12,9,5,8,7,3,1,4,3,5,6,5
Gerritsen Beach,Brooklyn,neighborhood,0,0,0,0,0,0,0,1,1,0,0,0,0,0,0,0,0,0,0,0,0,0,0,0,0,0,0,0,0,0,0,0,0,0,0,0,0,0,0,0,0,0,0,0,0,0,0,0,0,0,0,0,1,2,2,0,1,1,0,0,0,0,0,0,0,0,0,0,0,0,0,0,0,0,0,0,0,0,0,1,1,1,1,1,0,2,2,2,0,1,2,1,2,3,3,3,7,6,5,4,2,2,2,1,1,4,6,3,2,1,1,0,0,1,2,2,2,0,2,0,0,0,0
Glen Oaks,Queens,neighborhood,1,0,0,0,0,0,0,0,0,0,0,1,1,1,1,1,2,6,8,4,3,6,9,8,5,3,2,1,2,6,10,4,5,10,6,1,1,1,1,0,1,1,1,1,5,8,10,9,10,13,11,12,5,5,6,7,4,6,5,5,6,6,4,4,7,7,5,3,3,5,7,4,2,3,4,3,5,6,6,5,3,7,9,8,9,6,4,5,2,3,2,0,3,3,3,5,8,6,9,6,1,4,2,7,3,6,10,5,5,1,0,3,3,3,2,2,6,9,7,6,7,7,6
Glendale,Queens,neighborhood,1,1,1,1,0,0,0,0,1,2,3,4,3,3,0,0,0,0,3,3,1,3,4,4,4,4,5,3,7,10,10,11,13,15,14,13,15,11,8,5,6,8,12,8,11,12,10,8,10,15,10,11,12,10,14,10,6,11,13,14,14,20,25,27,25,25,31,22,27,26,24,23,29,34,37,35,35,25,27,22,29,49,49,40,38,41,56,60,59,60,56,29,32,32,32,21,31,45,45,50,45,42,51,41,48,48,69,61,62,53,68,48,52,44,51,61,62,68,47,43,50,33,19
Gowanus,Brooklyn,neighborhood,9,13,9,9,11,8,8,6,8,13,17,18,26,29,17,18,33,23,28,15,15,12,17,10,5,4,10,10,12,19,23,27,21,21,24,31,36,42,39,42,51,53,53,46,46,61,81,72,79,69,58,74,91,115,131,122,102,144,155,118,116,105,124,109,105,111,116,115,108,107,97,86,82,86,120,125,124,127,101,114,123,113,113,100,122,112,126,145,149,174,192,187,162,155,158,143,138,147,144,138,175,175,165,143,113,141,130,86,92,79,93,106,126,115,113,125,101,88,71,69,82,77,71
Gramercy Park,Manhattan,neighborhood,239,250,271,279,256,262,239,213,203,182,175,161,185,167,188,213,190,219,230,199,182,168,164,182,199,200,209,262,299,279,324,321,270,226,224,234,266,270,279,316,356,313,383,366,296,284,269,272,309,308,334,336,356,378,415,371,336,348,333,288,306,321,386,417,460,461,475,443,372,334,309,306,305,341,356,395,419,492,508,560,458,436,444,424,420,424,463,499,535,563,567,466,388,392,320,310,320,313,346,403,466,488,515,455,379,354,311,292,294,289,306,384,424,421,463,423,319,287,245,204,231,197,205
Gravesend,Brooklyn,neighborhood,6,10,11,12,6,3,7,5,7,11,12,11,15,20,11,8,9,10,14,18,13,14,11,15,11,11,6,6,13,12,10,13,16,41,43,27,56,44,49,32,37,43,35,29,29,36,29,33,27,32,41,51,48,41,37,31,35,34,31,45,49,39,57,80,75,67,53,55,69,130,85,80,85,50,63,57,60,56,66,60,72,73,64,82,110,106,115,92,110,125,115,54,49,48,49,46,58,64,77,75,86,70,80,94,109,111,92,79,80,89,105,98,86,67,101,84,83,78,78,63,73,69,49
Greenpoint,Brooklyn,neighborhood,101,86,90,75,61,60,44,32,36,71,67,72,65,58,45,54,69,69,70,61,57,62,64,69,63,73,93,84,99,83,95,91,90,80,83,101,123,126,134,144,125,139,157,164,177,173,170,221,229,207,240,263,275,286,337,358,349,335,326,343,354,368,409,442,601,606,518,544,552,515,430,366,350,353,380,422,479,553,589,608,548,477,442,431,552,606,688,694,669,636,642,545,583,574,501,452,526,470,510,570,664,652,693,711,645,741,626,508,733,639,572,547,528,488,534,422,333,267,251,224,272,217,214
Greenwich Village,Manhattan,neighborhood,401,428,461,515,549,558,486,459,309,293,331,389,384,341,379,331,335,389,357,325,260,290,286,296,317,286,332,337,425,449,467,426,346,357,331,366,399,404,431,491,491,511,556,529,510,432,368,352,369,370,407,449,503,507,551,517,475,403,382,363,392,355,398,474,485,531,568,541,480,460,400,416,446,452,501,510,540,565,612,634,590,579,521,472,517,482,539,535,596,636,617,573,502,508,447,389,435,410,424,486,500,516,574,477,381,400,321,297,327,337,402,457,484,501,507,469,423,362,323,305,308,291,271
Greenwood,Brooklyn,neighborhood,28,23,16,17,21,22,11,15,11,12,15,12,17,38,25,22,18,28,28,28,14,15,19,13,16,13,20,21,28,34,27,18,16,20,18,22,28,24,20,25,32,33,43,48,51,68,69,69,96,102,94,88,123,110,133,121,111,110,91,101,125,122,124,111,129,158,164,164,154,154,141,120,115,119,114,117,132,178,183,202,186,164,151,141,130,136,166,179,237,253,283,264,211,317,180,160,161,144,163,192,252,330,298,318,208,209,188,196,208,192,217,206,193,215,228,221,150,144,121,83,122,131,96
Hamilton Heights,Manhattan,neighborhood,91,100,90,87,102,92,85,86,80,85,74,81,84,90,90,85,110,110,108,104,124,117,109,99,95,125,130,130,119,100,162,160,149,148,122,117,137,107,143,190,210,213,201,178,182,168,161,182,206,222,221,222,250,253,282,283,233,245,285,298,326,296,304,293,293,291,343,297,266,267,271,275,296,308,310,330,322,357,370,361,327,318,317,317,358,373,400,378,415,413,414,328,293,323,279,227,254,243,272,315,319,356,430,385,325,373,346,278,335,301,320,343,320,358,362,349,291,255,235,210,218,200,161
Highbridge,Bronx,neighborhood,1,5,17,5,1,0,0,0,0,0,0,1,1,0,0,0,2,2,1,3,5,5,7,4,6,4,5,7,7,6,4,3,5,9,9,7,8,9,10,6,6,5,8,4,2,4,7,6,7,5,7,6,7,5,5,8,14,13,12,13,21,15,13,10,9,11,15,16,19,16,16,16,14,11,7,11,15,16,20,16,18,15,18,17,21,27,21,14,18,36,31,24,12,17,14,15,14,11,13,14,17,19,26,23,23,33,38,29,26,27,34,22,22,26,36,46,32,24,19,21,24,29,23
Hillcrest,Queens,neighborhood,1,1,0,0,0,0,0,0,0,0,0,0,0,0,0,0,0,0,1,0,0,0,0,0,0,0,0,0,0,1,4,3,1,0,1,1,0,0,0,0,0,0,0,0,1,1,1,1,1,1,1,2,1,2,0,1,1,1,1,1,2,2,2,3,2,2,1,0,1,3,2,2,1,1,6,4,5,4,3,4,4,4,6,7,6,6,11,18,13,24,28,9,4,2,4,3,2,4,4,12,9,6,8,10,9,7,7,10,11,8,11,9,12,11,10,9,6,5,5,7,4,6,3
Hollis,Queens,neighborhood,0,0,0,0,0,0,0,0,0,0,0,0,0,0,0,0,0,0,0,0,0,0,0,0,0,0,0,0,0,0,0,0,0,0,0,0,0,0,0,0,0,0,0,1,1,2,2,1,1,0,0,2,2,0,1,1,0,0,1,1,4,7,2,2,4,3,3,1,0,2,1,1,1,0,3,5,5,2,0,2,2,4,2,0,2,5,4,4,2,3,3,3,2,3,1,2,4,6,2,1,2,3,4,2,2,4,4,2,4,3,1,3,4,6,3,3,4,7,9,7,9,5,5
Howard Beach,Queens,neighborhood,3,2,2,3,3,2,0,0,0,0,0,0,0,0,0,0,0,0,0,0,1,1,0,2,0,0,2,0,0,0,0,0,0,1,1,2,1,3,0,0,0,0,1,1,4,3,2,2,3,1,2,2,2,1,4,1,0,3,3,2,1,1,1,1,1,0,1,1,7,26,20,6,6,1,1,2,2,3,5,3,5,7,6,4,7,4,3,5,7,11,13,7,8,12,6,4,5,4,11,7,6,3,9,9,11,8,12,13,7,3,4,6,5,6,6,5,3,5,6,5,4,6,5
Hunts Point,Bronx,neighborhood,0,0,0,0,0,0,0,0,0,0,0,0,0,0,0,0,0,0,0,0,0,1,1,0,0,0,0,0,0,0,0,1,1,1,1,1,1,1,0,0,0,0,2,2,0,0,0,0,0,0,0,0,0,0,0,0,1,1,0,0,1,2,3,3,3,2,1,2,4,8,6,6,4,2,2,1,2,2,2,2,2,1,3,5,5,6,3,7,9,11,12,3,1,5,10,6,11,9,7,7,5,5,6,4,5,5,6,3,1,1,5,1,2,8,9,9,8,5,3,3,6,7,4
Inwood,Manhattan,neighborhood,17,19,25,27,24,31,28,19,23,27,29,33,27,19,22,19,26,29,23,24,19,28,35,32,29,31,32,36,36,51,51,55,44,56,42,37,38,41,41,36,32,30,28,37,35,61,60,51,59,74,88,105,78,67,96,99,106,125,97,104,124,129,148,115,107,105,124,117,103,103,120,122,125,126,134,121,105,130,144,132,118,144,156,137,165,158,184,169,187,211,210,161,122,120,145,119,139,149,145,168,188,166,186,187,202,217,178,153,154,154,186,172,195,182,178,197,157,168,150,150,147,135,96
Jackson Heights,Queens,neighborhood,12,10,11,9,7,12,11,8,9,9,8,13,9,9,13,15,22,27,17,18,12,9,18,19,22,17,11,15,17,17,19,17,15,17,20,20,32,18,22,31,28,16,20,21,18,27,32,37,44,61,73,71,59,56,53,45,49,85,105,123,145,133,150,162,113,93,99,106,111,104,93,82,94,109,124,88,80,68,64,75,95,121,110,101,132,165,189,193,220,208,187,104,125,149,125,129,144,159,153,149,150,139,130,136,147,151,176,147,138,119,154,149,150,139,130,127,107,125,130,151,148,134,127
Jamaica,Queens,neighborhood,1,1,2,1,0,0,0,0,2,2,2,2,9,12,6,9,7,5,4,4,3,4,4,4,15,14,14,15,15,17,18,4,3,5,4,1,0,3,4,10,18,17,14,11,13,15,16,11,9,9,13,8,9,7,6,7,13,16,20,22,13,8,10,11,13,13,16,22,17,13,17,12,15,15,17,13,11,8,6,26,30,25,29,27,32,43,59,44,39,60,55,10,12,26,38,45,27,22,28,26,30,33,30,32,27,34,34,28,46,38,51,35,40,48,55,62,66,50,37,45,51,47,38
Jamaica Estates,Queens,neighborhood,1,1,0,0,0,0,0,1,1,1,0,1,4,4,3,3,2,1,2,5,6,7,5,3,2,1,1,1,2,2,1,0,0,1,1,1,3,4,3,3,4,2,2,5,3,2,7,6,7,9,9,5,7,7,10,11,12,9,19,13,12,8,10,9,14,21,20,12,15,22,24,20,21,21,26,25,27,22,22,27,31,32,41,38,26,23,24,13,28,33,28,10,10,14,17,14,17,23,20,17,22,27,34,36,25,28,31,16,13,16,17,14,22,24,16,13,14,19,21,16,15,24,22
Jamaica Hills,Queens,neighborhood,0,0,0,0,0,0,1,2,1,1,0,1,1,1,1,2,2,2,2,2,3,3,3,1,1,1,1,4,4,3,2,2,2,1,1,1,1,2,2,1,1,2,1,0,0,0,0,0,1,1,0,0,0,2,3,3,2,3,5,4,5,4,0,1,3,5,6,2,3,3,2,2,3,7,3,1,0,4,7,8,8,6,5,10,15,10,10,13,12,9,13,5,3,1,0,0,2,8,9,4,9,13,11,8,5,7,3,2,4,6,9,8,8,9,13,11,13,13,12,10,9,5,7
Kensington,Brooklyn,neighborhood,19,19,15,11,7,9,9,11,16,16,21,15,9,19,29,19,26,26,21,17,15,14,16,21,19,20,21,29,27,20,26,27,32,25,20,26,34,32,21,17,26,32,35,31,45,77,69,57,69,60,67,65,77,84,89,92,96,112,126,145,149,142,135,121,122,166,158,160,174,182,156,138,137,123,150,158,151,155,155,144,152,151,144,131,154,175,203,188,210,268,272,205,183,200,220,199,195,189,198,213,221,204,237,221,180,233,231,223,233,230,238,226,280,256,227,221,163,157,167,118,127,136,141
Kew Gardens,Queens,neighborhood,13,20,18,18,14,15,14,11,9,11,9,7,9,14,13,11,14,10,9,13,13,18,16,6,10,12,12,28,30,34,35,36,37,47,36,27,24,24,24,26,26,29,33,30,37,51,58,55,54,53,63,57,60,88,106,72,66,66,83,81,75,85,103,103,106,99,99,98,110,126,134,127,113,98,98,95,99,83,110,118,99,94,99,95,99,119,154,141,188,219,201,87,91,104,98,89,100,96,100,125,140,151,155,155,158,185,138,116,130,115,127,146,137,94,112,133,114,131,141,126,122,119,103
Kew Gardens Hills,Queens,neighborhood,9,5,5,3,1,4,6,6,10,8,5,4,5,5,5,6,5,7,7,7,3,6,5,6,6,6,10,11,10,10,6,7,8,7,5,10,7,7,5,11,11,7,7,5,7,12,11,12,11,13,11,13,13,13,11,10,16,16,16,19,20,39,49,36,29,26,27,30,26,24,31,32,28,27,39,44,38,68,65,19,24,29,34,28,49,52,48,49,52,61,75,47,38,45,41,47,47,38,39,33,35,34,44,59,64,71,48,42,32,36,38,40,49,38,62,70,51,37,32,45,37,58,38
Kingsbridge,Bronx,neighborhood,12,11,15,15,10,10,3,4,5,4,3,2,6,5,4,5,5,3,8,6,2,3,2,4,4,30,33,26,11,4,9,11,15,24,18,15,16,15,15,16,15,16,14,18,21,21,25,27,13,19,24,21,19,19,26,31,42,37,42,45,49,54,70,51,42,41,54,44,38,41,42,63,75,91,89,53,62,59,57,87,78,68,67,63,59,59,66,54,49,66,70,54,64,62,62,42,41,38,45,51,67,75,72,97,72,91,82,75,65,70,91,81,81,55,54,64,71,68,58,51,46,47,40
Laconia,Bronx,neighborhood,0,0,0,0,0,1,2,1,0,0,0,0,0,0,0,0,0,0,0,1,1,1,1,1,2,1,0,2,1,1,1,0,0,0,0,0,0,0,0,0,1,1,0,0,2,0,0,0,1,2,2,1,1,0,0,0,0,0,0,1,0,0,0,0,0,1,1,1,1,1,0,1,1,0,0,0,0,0,0,0,1,1,0,2,1,1,1,2,1,1,0,0,0,0,0,0,1,0,0,0,0,1,1,1,1,0,0,1,2,2,2,1,1,3,3,2,1,1,2,3,1,2,2
Laurelton,Queens,neighborhood,0,0,0,0,0,0,0,0,0,0,0,0,0,0,0,0,0,0,0,0,0,0,0,0,0,0,0,0,0,0,0,0,0,0,0,0,0,0,0,0,0,0,0,1,0,0,0,0,0,0,0,0,0,0,0,1,0,0,0,0,0,0,0,0,0,0,0,1,3,2,1,0,0,1,1,1,0,0,1,1,1,1,1,0,0,0,0,2,3,5,5,2,0,0,0,3,4,3,5,1,1,1,1,5,4,5,4,2,1,4,4,1,2,4,3,1,2,3,4,2,11,12,5
Little Italy,Manhattan,neighborhood,75,84,81,73,64,64,57,55,39,57,67,70,66,72,78,62,47,42,61,57,36,25,31,28,39,38,38,36,38,45,43,70,43,36,41,46,55,55,47,47,44,49,52,40,34,37,34,42,56,58,69,72,78,66,63,65,74,66,75,70,72,64,65,75,63,67,91,85,57,70,74,86,77,100,94,96,102,111,92,105,79,78,99,105,110,97,96,97,111,129,149,114,85,65,47,60,55,53,62,65,95,92,117,125,90,77,81,79,73,86,83,109,117,115,113,117,104,97,88,70,64,57,62
Little Neck,Queens,neighborhood,1,1,1,0,1,1,1,1,1,1,1,1,1,1,1,0,0,0,0,0,0,0,1,1,1,1,1,2,2,2,1,3,4,3,2,3,6,7,8,6,7,7,5,2,2,2,2,2,0,0,0,0,0,5,4,5,7,8,5,4,5,4,3,7,6,1,1,2,2,4,4,4,3,2,4,5,5,5,7,4,5,8,5,4,5,6,5,6,6,13,16,1,1,1,1,2,0,0,1,1,4,3,4,4,2,3,5,3,3,3,2,4,4,5,4,6,6,10,8,8,4,3,2
Long Island City,Queens,neighborhood,109,123,144,144,98,111,110,109,122,118,95,80,56,77,71,73,98,114,90,97,95,78,84,70,93,451,477,388,554,497,459,329,208,177,116,135,168,172,173,177,163,230,303,394,457,482,450,332,368,331,325,902,770,1028,652,612,450,405,369,387,328,335,394,446,459,638,567,628,606,617,593,511,495,499,551,631,732,676,726,811,730,650,644,583,583,505,641,595,673,692,694,724,737,844,789,687,669,621,765,742,721,757,678,671,629,682,691,604,709,713,722,804,801,727,703,598,622,726,686,588,713,647,519
Longwood,Bronx,neighborhood,0,0,0,0,0,0,9,9,0,0,0,0,0,0,0,0,0,0,0,2,3,6,5,5,2,1,1,1,2,2,2,1,0,0,0,0,0,0,0,1,1,0,0,0,0,0,0,1,2,1,1,1,1,1,1,1,1,1,0,0,2,3,2,1,1,1,1,2,2,4,4,4,5,3,4,6,5,6,2,2,1,1,2,1,1,8,15,12,9,10,8,5,4,3,1,2,1,2,3,0,2,7,19,15,8,10,4,5,12,10,18,16,16,14,9,7,5,5,5,3,4,7,4
Lower East Side,Manhattan,neighborhood,233,294,285,276,248,262,232,224,164,164,132,115,126,128,171,235,330,360,371,363,268,213,253,287,337,316,203,223,289,301,292,289,240,246,221,218,286,292,303,367,387,368,425,398,321,343,307,298,304,317,353,369,441,468,519,565,531,450,403,365,384,372,467,462,450,534,510,511,460,449,412,404,449,459,484,518,548,547,592,611,539,519,514,478,512,485,593,656,770,780,754,594,519,503,432,371,404,403,532,631,661,685,749,725,542,485,383,348,426,436,517,612,736,761,825,787,620,519,433,353,400,397,363
Manhattan,Manhattan,borough,12925,13462,13650,13933,13191,13602,12919,12190,10718,10531,10223,10119,10411,10188,11097,10888,11504,12105,12006,12192,10959,10780,10358,9779,10725,11085,12000,12324,13278,14006,14845,14531,12765,12741,12273,11947,13366,13385,14439,16024,16785,16856,18023,17904,16555,17511,16132,15687,16477,16887,18449,19687,21239,21163,21983,21423,20136,19678,18124,17731,18911,18320,20228,21252,22114,23542,24383,23120,20865,20582,19229,18573,19411,19750,21054,21710,23169,24802,25229,25897,23390,22690,21891,20190,21868,21114,23057,23209,25739,27232,26789,23006,20886,20832,18318,16491,17652,17085,18399,19879,21878,22613,23490,22779,19090,19336,17216,15414,16997,16214,17989,19933,21643,22039,22406,20980,17688,16466,14571,13329,14477,13232,12216
Manhattan Beach,Brooklyn,neighborhood,0,0,0,0,2,2,2,2,2,0,0,0,0,0,0,0,0,0,0,0,0,0,0,2,3,2,1,1,1,0,3,3,3,3,3,3,3,0,0,1,1,2,2,1,0,2,1,0,0,0,0,0,0,1,0,1,2,2,1,2,1,1,2,1,1,2,6,8,8,6,10,10,9,8,7,8,11,5,3,4,7,6,5,5,9,11,6,4,9,7,7,4,2,2,2,0,1,3,2,3,3,4,0,2,3,0,2,6,7,4,2,1,2,4,2,2,3,2,2,2,0,0,0
Marble Hill,Manhattan,neighborhood,0,0,0,1,1,0,0,0,0,0,0,0,0,0,0,0,0,0,0,0,0,0,0,0,0,1,1,1,0,0,0,0,1,1,1,1,2,5,3,3,2,1,1,2,3,5,5,4,3,4,2,1,3,6,4,7,7,7,7,9,9,7,7,7,6,10,6,6,4,2,3,4,2,4,3,0,0,0,2,5,5,8,8,3,6,3,5,5,4,4,13,19,11,7,5,6,6,11,10,12,9,7,12,15,14,11,10,9,9,11,16,12,8,5,15,14,9,9,14,9,10,9,12
Marine Park,Brooklyn,neighborhood,0,0,0,0,0,0,1,1,0,1,0,0,0,6,6,5,5,5,4,5,4,4,3,3,1,1,1,0,0,0,0,0,1,1,1,2,3,3,3,2,3,2,0,0,0,4,3,3,4,2,2,2,2,4,1,3,3,6,6,8,8,6,7,13,14,12,10,14,14,8,9,19,8,4,10,9,13,11,9,12,11,8,9,12,14,10,8,9,12,17,16,12,5,6,10,14,10,11,7,8,5,6,8,10,9,14,13,12,11,17,12,9,8,7,4,19,14,8,9,8,8,4,3
Maspeth,Queens,neighborhood,1,1,2,2,4,2,1,1,4,5,4,7,6,6,10,8,8,5,6,6,6,5,9,8,8,7,6,7,5,8,10,8,7,7,12,8,11,13,10,8,8,4,3,6,5,2,8,8,12,17,16,8,12,13,14,18,14,17,14,17,32,41,59,37,27,41,39,19,22,44,54,48,45,30,31,49,51,37,33,41,51,55,48,55,66,76,73,64,91,105,105,76,63,52,59,49,63,66,48,53,61,64,45,62,70,108,87,77,76,72,65,57,64,70,65,80,67,73,57,49,52,56,39
Melrose,Bronx,neighborhood,0,0,0,1,1,4,4,1,1,1,0,0,0,0,0,0,0,0,0,1,11,17,20,16,5,2,1,1,1,1,1,0,0,0,0,0,0,0,0,0,0,0,0,0,1,1,4,3,3,2,1,1,2,4,4,2,3,3,2,3,1,3,3,4,3,1,2,3,3,2,4,2,5,5,4,4,3,4,2,6,8,4,1,2,5,9,9,12,12,14,17,10,8,10,12,8,8,9,7,6,11,24,8,18,12,14,4,8,11,13,13,13,18,16,26,21,20,19,13,15,19,11,9
Middle Village,Queens,neighborhood,1,2,2,1,0,0,0,0,0,0,0,0,0,0,1,1,0,0,0,0,1,0,0,0,0,0,1,0,1,1,1,1,0,0,0,1,1,0,0,0,0,1,1,1,1,1,1,1,4,4,2,2,5,10,10,5,6,11,17,10,12,9,20,26,22,21,19,16,14,14,17,18,17,15,17,12,11,10,11,13,16,23,20,14,19,20,22,22,28,31,28,17,13,15,14,12,9,15,15,15,14,23,24,27,30,19,30,29,33,30,24,25,28,28,27,34,33,31,27,17,19,22,16
Midtown,Manhattan,neighborhood,489,454,414,440,400,365,353,384,374,381,360,382,370,350,366,342,373,385,353,352,339,311,294,299,326,353,370,417,434,432,435,415,414,399,382,376,407,373,403,424,460,440,507,482,457,448,423,399,423,441,490,523,521,483,551,539,518,555,541,553,552,564,587,587,553,575,574,590,582,610,552,570,598,615,663,659,649,663,639,648,634,656,633,542,594,520,594,587,636,629,574,506,461,500,488,456,489,414,458,480,506,511,499,537,494,517,450,422,487,472,479,522,522,477,517,482,433,442,444,430,461,406,370
Midtown East,Manhattan,neighborhood,1518,1651,1710,1773,1606,1556,1467,1511,1303,1197,1130,1124,1159,1185,1297,1346,1438,1419,1316,1357,1276,1245,1202,1111,1187,1290,1334,1329,1374,1410,1556,1538,1376,1348,1279,1238,1386,1431,1577,1673,1705,1700,1849,1760,1669,1801,1674,1636,1760,1785,1973,2033,2038,1999,2183,2132,2045,1963,1758,1779,1866,1869,1986,2098,2141,2236,2284,2240,2126,2044,1886,1850,1971,1939,2069,2145,2314,2454,2458,2666,2301,2325,2187,1972,2201,2202,2440,2529,2759,2913,2812,2430,2289,2346,2055,1887,1889,1876,2007,2131,2442,2348,2455,2365,2097,2155,1857,1679,1891,1738,1924,2163,2280,2234,2306,2200,1890,1845,1661,1595,1698,1485,1254
Midtown South,Manhattan,neighborhood,167,171,188,207,197,194,200,195,179,169,156,143,145,158,166,163,173,162,142,179,186,189,196,170,189,213,218,193,189,191,200,205,195,203,201,190,200,211,223,225,246,263,281,286,273,288,271,268,299,292,311,323,319,320,358,349,346,386,373,386,411,431,446,468,479,486,504,475,463,472,465,448,478,493,513,521,551,590,588,569,525,572,567,590,615,601,616,601,651,683,649,593,561,608,262,276,243,239,299,283,291,293,333,299,242,272,242,224,262,227,256,310,281,255,282,269,217,234,207,186,199,203,203
Midtown West,Manhattan,neighborhood,774,826,817,896,826,895,911,715,640,682,668,618,626,648,660,688,752,773,740,805,736,711,740,692,767,779,849,816,849,949,971,963,871,845,889,843,934,954,1017,1123,1126,1133,1187,1251,1085,1121,1068,1100,1187,1163,1266,1259,1397,1342,1407,1461,1358,1471,1349,1308,1366,1434,1513,1608,1485,1669,1659,1662,1503,1551,1540,1476,1512,1528,1643,1639,1664,1811,1810,1895,1767,1669,1701,1560,1719,1638,1811,1797,1950,1918,1926,1738,1488,1534,1448,1373,1456,1429,1465,1559,1644,1702,1671,1703,1428,1589,1479,1462,1568,1390,1474,1585,1649,1684,1659,1544,1404,1397,1213,1162,1280,1202,1093
Midwood,Brooklyn,neighborhood,12,13,14,14,9,10,13,12,8,11,14,13,15,25,35,27,33,27,29,37,34,36,31,40,32,37,32,26,31,42,45,45,29,42,38,38,47,52,53,55,44,31,45,49,53,52,57,47,50,54,68,63,71,99,103,124,122,96,83,99,88,93,96,102,110,134,146,158,154,156,132,131,111,118,132,145,153,136,116,135,144,120,132,132,177,233,270,248,293,280,243,139,159,181,192,192,187,189,203,191,224,235,261,249,230,307,254,208,225,209,270,225,326,281,279,332,270,234,260,233,225,208,192
Mill Basin,Brooklyn,neighborhood,0,0,0,0,0,0,0,0,0,0,0,0,0,0,0,0,0,0,0,0,0,0,0,0,0,0,1,1,2,2,2,2,1,1,1,0,0,0,1,1,1,0,0,3,3,5,4,0,0,0,0,0,0,4,5,5,5,8,7,3,2,3,2,1,0,1,3,0,1,1,1,1,2,2,2,1,3,1,0,0,0,0,1,2,2,4,4,5,3,4,2,0,0,1,3,5,3,6,4,2,2,2,4,10,8,4,4,4,2,1,4,3,3,2,1,1,2,1,3,3,4,0,1
Morningside Heights,Manhattan,neighborhood,49,57,67,65,45,45,51,37,28,32,31,27,31,34,42,41,52,47,40,49,31,33,32,27,20,35,44,62,65,78,98,92,46,36,32,39,47,46,55,58,64,81,118,119,68,56,56,56,83,63,74,100,151,141,159,137,100,96,90,92,95,93,99,137,143,168,186,183,154,130,127,115,121,113,121,133,165,191,206,227,187,179,168,147,154,130,115,126,158,218,228,189,180,169,129,101,119,102,110,118,148,195,209,184,115,132,117,109,140,105,123,142,156,187,230,185,111,102,88,101,98,101,106
Morris Heights,Bronx,neighborhood,0,0,0,0,0,0,0,1,1,0,0,0,0,0,0,0,0,0,0,0,0,0,1,0,0,0,0,0,0,0,0,2,1,1,1,1,0,0,0,0,1,1,0,0,0,0,1,1,2,1,1,3,5,4,9,13,14,20,17,22,23,22,16,14,10,11,6,10,17,12,7,4,12,20,25,11,11,9,7,16,20,14,16,15,14,15,19,13,15,20,20,21,16,21,17,9,6,5,7,6,7,8,12,18,20,11,10,14,11,11,13,11,8,10,15,13,31,34,20,19,17,17,10
Morris Park,Bronx,neighborhood,3,3,2,2,2,4,5,5,4,9,5,4,4,3,2,1,3,3,2,3,4,7,6,8,9,3,4,3,4,4,5,5,3,5,4,4,3,3,3,3,3,3,5,8,6,5,4,8,7,9,18,22,20,15,30,51,48,52,53,36,40,48,60,68,51,69,58,38,23,19,26,53,87,87,75,76,66,54,41,52,51,46,45,33,35,24,38,47,54,49,34,28,37,51,45,42,40,32,33,33,53,51,47,38,31,39,44,35,42,44,47,40,53,26,17,19,15,16,17,8,10,13,17
Morrisania,Bronx,neighborhood,0,0,0,0,0,0,0,0,1,1,1,1,0,1,1,2,2,2,0,0,0,0,0,0,0,0,0,0,0,0,0,0,0,1,2,2,1,2,2,0,1,1,0,0,0,1,0,2,3,2,1,0,0,0,0,1,8,6,2,1,2,1,3,11,11,5,5,3,8,7,6,4,8,5,4,2,3,4,2,5,12,16,7,6,7,5,3,6,4,2,2,3,6,5,4,9,12,3,2,4,6,8,8,10,18,14,11,15,13,2,8,11,14,10,13,18,15,11,6,9,18,8,9
Mott Haven,Bronx,neighborhood,5,6,6,5,11,6,7,9,6,8,8,10,11,5,4,14,19,21,7,6,6,6,3,2,2,2,3,2,5,9,9,8,6,3,5,3,3,3,5,15,12,15,17,17,8,4,4,9,11,11,12,9,14,17,23,19,26,15,16,20,29,38,52,54,52,31,28,18,24,34,33,30,30,24,34,36,33,42,62,71,62,50,46,46,63,68,48,47,47,49,54,47,42,49,57,39,47,59,57,56,77,81,79,114,106,121,91,75,86,73,63,86,112,99,118,138,123,86,69,58,42,36,43
NYC,,city,15490,16036,16301,16517,15557,15909,15135,14371,12714,12611,12407,12244,12715,12609,13530,13273,14229,14880,14809,14842,13317,13155,12698,12151,13211,14071,15170,15521,16866,17811,18795,18235,16222,16388,15782,15375,17140,17148,18226,20193,21233,21430,23450,23780,22361,24223,22934,22694,24089,24470,26614,29225,31530,32116,33810,33841,32224,31832,30579,30079,31704,31593,34426,35842,37623,40552,41883,40742,36856,36211,33522,31749,33016,33197,35642,36723,39818,42348,43449,45182,41702,40104,39295,36361,40732,40263,44992,44946,50159,54240,53624,42528,39287,39974,35933,32094,34699,34020,36813,39103,43709,45576,47654,47395,40200,43525,39833,36212,39361,36632,39262,40359,43533,43143,44040,41513,35200,32392,28674,25898,28557,26486,23995
New Hyde Park,Queens,neighborhood,0,0,0,0,0,0,0,0,0,0,0,0,1,1,1,0,0,0,0,0,0,0,0,0,0,0,0,0,1,1,0,0,0,0,0,0,0,0,0,0,0,0,0,0,0,0,0,0,0,0,0,0,0,0,0,0,0,0,0,0,0,0,0,0,0,0,1,1,0,0,0,0,0,1,0,0,0,0,0,0,0,0,0,0,0,0,0,0,0,0,0,0,0,0,0,1,1,0,0,0,0,0,0,0,0,0,0,0,0,0,0,0,0,0,0,1,1,0,0,0,0,0,0
Nolita,Manhattan,neighborhood,90,114,121,132,108,124,133,107,80,49,41,30,53,55,68,67,85,91,93,89,46,46,51,66,66,71,82,82,106,126,145,103,96,84,91,76,79,106,118,145,135,149,199,165,163,309,109,103,138,132,138,154,175,181,207,202,187,146,86,107,111,107,117,124,167,178,204,187,139,137,109,109,111,122,146,156,153,179,190,214,182,150,136,142,149,127,162,170,194,214,232,181,172,142,148,150,161,167,166,154,175,206,223,194,160,148,122,114,137,121,146,181,197,207,215,176,145,136,120,111,131,134,110
North Brooklyn,Brooklyn,submarket,418,401,432,391,343,363,352,337,272,291,285,243,240,287,298,287,344,357,345,321,351,353,343,472,417,446,464,475,526,518,568,630,737,741,713,725,726,680,644,717,681,767,999,1125,1112,1167,1094,1398,1470,1214,1278,1371,1465,1534,1835,1933,1679,1581,1752,1771,1945,2027,2065,2077,2253,2466,2705,2764,2273,2068,1846,1688,1977,1878,2014,2097,2562,2698,2766,2873,2518,2193,2121,1934,2385,2428,2670,2675,3007,3169,3190,2811,2523,2460,2024,1844,2069,2042,2299,2629,3156,3479,4060,4404,3721,3953,3380,3115,3588,2778,2603,2367,2305,2222,2225,2161,1644,1351,1129,1008,1236,1251,1217
North Corona,Queens,neighborhood,1,1,1,1,0,0,0,0,0,0,0,0,1,1,1,1,4,6,4,0,0,2,3,0,0,1,1,1,3,5,9,4,3,3,4,6,2,2,2,3,3,2,2,1,2,3,5,4,4,5,9,9,10,11,7,6,3,6,7,7,10,15,17,9,8,14,15,6,3,11,16,8,10,15,8,5,7,7,5,3,3,3,3,3,4,6,8,12,12,14,12,7,7,11,12,8,14,16,10,10,10,13,12,15,12,7,7,12,11,5,11,15,12,17,17,10,7,9,12,11,11,7,7
Northeast Queens,Queens,submarket,98,99,84,65,53,48,48,40,45,41,34,59,62,64,65,72,103,105,108,111,103,121,109,82,92,90,90,110,137,141,177,165,153,150,142,131,129,128,136,142,131,123,130,136,151,165,185,199,199,199,234,251,252,293,304,273,282,281,285,317,345,357,391,388,385,376,404,406,397,453,437,391,376,372,460,441,432,450,475,452,438,451,465,415,503,550,639,637,760,1003,1079,526,463,465,435,453,446,433,454,457,488,514,585,582,575,667,589,551,570,524,573,581,628,560,598,652,602,631,613,558,575,567,408
Northwest Brooklyn,Brooklyn,submarket,644,663,694,679,627,580,546,540,505,491,565,497,532,517,551,560,662,681,740,664,546,517,527,492,540,564,627,667,732,863,793,730,659,642,636,636,667,692,666,773,924,915,1077,1151,1125,1183,1135,1204,1292,1318,1342,1411,1518,1830,1997,2101,2134,1985,1821,1768,1883,1881,1921,1923,1958,2097,2137,2272,2129,2093,1881,1812,1972,1841,1962,2086,2264,2420,2462,2562,2495,2336,2326,2202,2478,2383,2583,2603,2868,3163,3126,2698,2472,2518,2093,1842,1981,1935,2109,2066,2241,2220,2281,2169,1840,1932,1799,1622,1827,1802,1983,2014,2126,2163,2243,2033,1763,1630,1363,1188,1359,1257,1205
Northwest Queens,Queens,submarket,272,304,330,299,211,227,222,204,213,212,180,161,140,148,161,181,256,272,219,219,180,174,163,159,211,565,602,548,745,691,641,496,377,350,293,322,409,427,467,500,528,616,739,749,812,953,970,876,974,1018,1144,1880,1864,2043,1622,1609,1439,1409,1569,1641,1418,1575,1754,1816,2088,2360,1941,1922,1849,2036,1971,1749,1687,1798,1964,2113,2262,2233,2251,2371,2343,2372,2374,2272,2740,2875,3288,3140,3373,3658,3525,2494,2622,2819,2594,2294,2557,2651,3020,2932,3157,3230,2977,2795,2501,2862,2703,2395,2601,2587,2821,2916,2938,2736,2856,2507,2301,2393,2087,1791,2021,1912,1666
Norwood,Bronx,neighborhood,1,1,0,1,0,0,1,2,2,1,1,1,1,1,3,2,2,2,4,3,1,0,2,3,3,2,4,7,4,5,4,2,5,5,6,8,7,9,6,11,7,6,7,8,10,12,12,9,9,11,13,4,3,7,14,17,14,13,18,19,19,23,23,27,43,45,70,72,53,86,79,69,69,55,54,46,40,45,53,54,56,55,55,46,48,40,41,39,34,49,35,25,24,20,27,33,24,17,15,11,19,32,37,31,22,26,38,31,45,43,48,30,44,48,48,40,23,24,38,33,13,14,11
Oakland Gardens,Queens,neighborhood,0,0,0,0,0,0,0,0,0,0,0,2,2,1,1,1,1,1,2,2,1,1,1,0,3,1,0,1,1,2,4,6,6,4,4,4,3,1,4,3,3,0,2,3,4,2,1,2,1,2,3,5,5,4,7,12,8,4,7,10,16,12,10,15,18,20,15,16,13,15,11,8,6,7,11,10,12,11,17,17,12,16,20,13,13,11,12,12,17,22,23,20,9,13,10,10,8,7,5,1,3,9,8,5,7,7,15,15,17,8,6,7,11,16,12,5,8,2,5,6,10,9,8
Ocean Parkway,Brooklyn,neighborhood,0,0,0,0,0,0,0,0,0,0,0,0,0,0,0,0,0,0,0,0,0,0,0,0,0,0,0,0,0,0,0,0,0,0,0,0,0,0,0,0,0,0,0,0,0,0,0,0,0,0,0,0,0,0,0,0,0,0,0,0,0,0,0,0,0,0,0,2,2,0,0,0,0,0,0,0,0,0,0,0,0,0,0,0,0,0,0,0,0,0,0,0,0,0,0,0,0,0,0,0,0,0,0,0,0,0,0,0,0,0,0,0,0,0,0,0,0,0,0,0,0,0,0
Old Mill Basin,Brooklyn,neighborhood,0,0,0,0,0,0,0,0,0,0,0,0,0,0,0,0,0,0,0,0,0,0,0,0,0,0,0,0,0,0,1,0,1,1,0,0,0,1,1,0,1,2,3,1,2,1,6,2,0,0,0,0,0,0,0,1,0,0,0,0,0,0,0,1,1,0,0,0,2,9,4,5,2,1,4,1,1,2,5,4,4,4,3,3,2,4,0,0,0,0,0,0,0,0,0,1,3,7,8,3,3,1,1,0,0,0,1,0,0,1,1,2,0,0,1,2,0,1,2,2,1,1,0
Ozone Park,Queens,neighborhood,0,0,0,0,0,0,0,0,0,0,0,1,1,2,2,1,1,1,1,1,1,1,1,0,0,0,0,0,0,0,0,0,0,0,0,0,0,0,0,0,0,0,0,0,0,1,1,1,1,0,1,0,0,0,0,0,2,3,5,4,4,1,1,0,0,0,1,1,1,1,3,4,2,2,0,0,0,0,1,0,1,2,4,3,3,1,1,3,2,8,7,2,1,1,5,6,4,5,4,5,13,16,13,11,15,11,6,4,4,12,8,4,4,1,1,1,2,3,13,4,5,2,2
Park Slope,Brooklyn,neighborhood,220,207,203,203,215,216,199,185,155,171,166,173,192,171,195,181,190,217,247,199,138,119,126,140,160,175,183,180,226,261,262,229,229,252,235,241,249,236,239,292,364,373,409,430,396,460,447,452,491,465,486,595,718,721,755,815,821,935,869,810,894,879,937,934,968,1019,1081,1082,1037,908,813,745,761,774,889,932,957,990,1031,1064,992,1014,954,891,1038,1071,1192,1242,1316,1385,1328,1081,763,807,730,592,642,669,709,759,827,849,894,789,666,682,644,609,640,644,728,724,785,723,755,663,543,523,416,364,375,376,313
Parkchester,Bronx,neighborhood,1,1,1,1,0,2,2,0,0,3,3,3,3,11,9,10,14,12,4,5,6,6,7,7,6,5,5,9,5,5,4,4,4,4,4,5,7,7,7,11,9,12,8,7,11,17,13,6,8,4,3,2,1,1,28,32,30,37,41,32,17,19,16,11,12,16,12,25,27,17,13,15,13,10,8,5,4,7,15,16,22,30,38,41,33,15,18,18,22,27,25,24,20,25,16,17,14,13,13,8,14,16,23,19,13,22,15,12,19,19,14,16,14,14,27,16,13,12,8,7,8,8,10
Pelham Bay,Bronx,neighborhood,1,1,0,0,0,1,1,1,1,1,0,0,0,0,0,0,0,0,0,1,1,1,1,2,6,5,4,4,5,4,4,2,2,3,4,3,1,4,3,2,1,0,1,1,1,0,1,0,0,0,1,2,3,3,6,8,5,4,4,4,3,18,19,18,9,11,18,8,5,7,7,12,8,10,6,6,8,10,8,9,6,18,22,16,12,13,6,8,12,23,22,17,17,16,11,12,10,4,8,14,11,8,10,19,18,16,29,23,9,10,15,13,11,8,7,13,9,8,7,5,9,6,2
Pelham Gardens,Bronx,neighborhood,0,0,0,0,0,0,0,1,0,0,0,0,0,0,0,0,0,0,0,0,1,1,1,0,0,0,0,0,0,1,1,1,1,1,0,0,0,0,0,0,0,0,0,0,0,0,0,0,0,1,3,2,2,1,3,1,1,0,0,0,1,1,0,0,0,0,0,0,1,1,5,9,10,11,10,5,2,1,0,1,7,10,8,6,8,9,7,5,6,3,8,13,9,5,11,3,0,0,1,2,2,2,2,11,4,2,3,3,5,3,1,3,2,1,3,5,3,2,8,2,2,2,1
Pelham Parkway,Bronx,neighborhood,0,0,0,0,0,0,0,0,0,0,0,0,0,0,0,0,0,0,0,0,0,0,0,0,0,0,0,0,0,0,0,0,0,0,0,0,0,0,0,0,0,0,0,0,0,0,0,0,0,0,0,0,0,0,0,0,0,0,0,1,2,2,3,3,3,3,4,4,3,1,0,0,0,0,0,0,0,0,0,0,0,0,0,0,0,0,0,0,0,0,0,0,0,0,0,0,0,0,0,0,0,0,0,0,0,0,0,0,0,0,0,0,1,7,17,12,20,15,10,15,11,13,13
Pomonok,Queens,neighborhood,1,1,0,0,0,0,0,0,0,0,0,3,3,1,1,0,2,2,2,1,1,1,1,1,1,1,1,1,1,1,3,4,4,2,1,2,2,1,2,2,1,2,2,2,2,2,2,2,1,1,2,2,1,1,1,3,5,4,3,5,1,1,1,0,0,0,0,3,4,4,3,4,8,8,10,9,9,5,3,2,2,3,3,1,2,7,8,6,7,10,11,3,5,6,8,5,1,0,4,5,2,0,5,7,6,6,6,6,4,4,4,8,3,2,2,5,5,3,2,4,4,3,3
Port Morris,Bronx,neighborhood,0,0,0,0,2,2,2,2,2,0,0,0,0,0,0,0,0,0,0,0,0,0,0,0,0,0,0,0,0,0,0,0,0,0,0,0,0,0,0,0,0,0,0,0,0,0,0,0,0,0,0,0,0,0,0,0,0,0,0,0,0,0,0,0,0,0,0,0,0,0,2,2,2,2,1,0,0,0,0,1,2,2,3,2,3,5,6,1,1,1,1,1,3,4,9,4,6,5,9,6,8,3,1,3,3,3,7,9,5,3,5,4,8,0,2,1,0,0,1,0,0,2,1
Prospect Heights,Brooklyn,neighborhood,40,40,47,60,57,62,75,61,50,45,50,40,37,31,38,36,44,48,49,41,35,40,33,32,39,40,41,43,51,64,63,58,36,54,44,45,60,65,77,104,103,81,98,114,107,131,135,110,103,96,114,115,162,161,184,202,256,261,235,218,203,230,254,230,225,277,311,283,222,154,154,145,133,140,159,173,188,188,206,218,234,264,250,220,256,242,277,301,332,368,353,313,247,229,199,160,193,188,178,165,221,240,255,225,172,248,265,188,225,205,183,227,247,252,243,177,179,160,124,114,115,109,109
Prospect Lefferts Gardens,Brooklyn,neighborhood,11,8,9,10,10,11,7,9,10,8,12,15,17,17,16,18,19,21,19,19,18,18,22,22,26,24,27,28,25,25,34,37,32,29,24,20,24,21,20,31,31,29,39,54,46,49,28,36,46,60,75,89,88,106,115,136,127,150,177,190,198,224,244,249,259,252,227,249,200,150,136,119,127,161,154,151,163,179,262,338,349,311,326,295,318,274,310,259,275,313,325,235,208,236,295,260,288,316,302,348,398,402,314,299,268,398,370,333,363,364,428,333,396,316,318,267,236,205,177,181,205,171,149
Prospect Park,Brooklyn,submarket,291,279,276,294,303,309,305,288,237,253,271,259,283,259,284,264,283,315,341,285,208,196,197,220,251,262,278,276,322,380,409,376,339,382,348,345,398,380,376,470,549,540,605,671,614,723,701,680,740,709,794,918,1073,1114,1200,1311,1395,1546,1473,1395,1482,1544,1645,1625,1662,1795,1891,1864,1704,1434,1306,1188,1221,1293,1424,1469,1542,1609,1783,1930,1844,1845,1786,1639,1889,1861,2074,2092,2206,2364,2304,1877,1478,1541,1485,1274,1432,1509,1518,1593,1727,1802,1769,1645,1404,1692,1629,1503,1586,1569,1665,1604,1840,1654,1611,1434,1221,1094,890,828,865,833,742
Prospect Park South,Brooklyn,neighborhood,3,4,3,5,4,4,3,7,5,4,4,4,4,4,3,3,4,5,4,5,3,2,3,8,6,5,4,4,5,7,13,17,11,9,11,9,33,27,17,16,19,14,15,17,18,25,31,33,37,24,59,66,44,57,70,80,83,92,88,70,85,100,106,101,118,127,139,128,102,105,100,101,104,114,104,88,104,118,139,143,125,123,135,126,147,134,141,136,139,154,156,121,133,146,156,162,217,231,217,197,166,193,193,206,197,247,244,273,259,272,241,212,268,232,151,193,176,127,116,116,110,124,120
Queens,Queens,borough,562,587,599,567,538,548,530,488,526,549,515,523,504,516,426,467,604,613,535,531,469,521,498,439,498,881,945,913,1082,1038,1079,889,744,776,700,709,814,817,867,906,925,960,1111,1152,1232,1507,1611,1495,1611,1677,1888,2832,3075,2986,2664,2558,2364,2526,2729,2803,2657,2883,3260,3355,3636,3857,3417,3382,3439,3778,3694,3268,3158,3284,3636,3688,3898,4000,4070,4188,4176,4299,4313,4042,4883,5183,5977,5786,6316,7097,7025,4571,4669,4952,4542,4146,4582,4734,5229,5132,5447,5672,5410,5218,4793,5496,5273,4685,4967,4778,5208,5300,5483,5172,5242,4889,4501,4687,4127,3673,4122,3855,3242
Queens Village,Queens,neighborhood,0,0,0,0,0,0,0,0,0,0,0,0,0,0,0,0,0,0,0,0,0,0,0,0,0,0,0,0,0,0,0,0,0,0,0,0,0,0,0,0,0,0,0,0,0,0,0,1,1,1,2,4,5,2,2,3,5,9,9,10,9,7,3,1,0,1,5,4,7,10,8,9,7,5,6,3,10,5,5,5,7,13,10,9,10,8,6,4,3,8,10,3,2,3,4,2,7,12,9,7,6,7,3,1,6,8,8,9,6,4,2,2,8,3,1,1,7,9,9,6,7,9,10
Red Hook,Brooklyn,neighborhood,11,8,7,8,6,6,6,9,17,19,23,16,16,10,11,10,9,14,18,10,5,12,15,15,14,15,22,17,22,24,20,13,13,23,23,25,34,31,17,16,25,24,21,19,21,21,24,24,22,24,25,23,27,32,40,33,34,36,34,30,35,36,40,39,38,47,36,29,33,45,45,47,54,46,39,46,58,46,31,24,31,28,29,34,39,41,40,36,60,75,82,62,67,69,57,45,50,49,61,58,59,55,47,64,64,51,44,48,56,38,43,36,40,37,43,45,50,47,40,21,16,19,22
Rego Park,Queens,neighborhood,27,33,28,37,23,22,19,16,21,26,27,29,27,27,25,20,30,38,28,19,23,27,22,39,38,31,24,29,24,23,29,29,32,24,23,25,30,30,31,30,34,29,31,31,29,48,57,52,46,47,47,88,143,75,127,133,117,162,139,131,124,136,181,204,218,153,132,133,154,166,180,159,160,169,171,169,177,216,215,215,223,222,241,195,235,262,285,274,289,308,305,246,237,275,173,168,168,154,191,210,199,223,225,182,191,233,224,210,230,220,236,241,240,243,234,226,224,209,174,173,187,184,141
Richmond Hill,Queens,neighborhood,0,0,0,0,0,0,0,0,1,1,0,1,1,1,2,6,7,3,4,2,1,2,1,0,1,1,1,1,0,0,2,2,2,1,3,4,4,2,1,0,2,2,3,3,5,5,11,9,5,5,6,4,7,5,5,7,3,2,4,6,11,10,12,7,6,11,10,8,6,9,14,15,13,11,12,8,7,9,5,5,9,8,6,8,17,13,9,4,9,19,15,5,9,6,8,4,6,8,11,13,10,9,9,8,12,13,11,13,13,8,4,7,17,10,12,24,7,11,10,11,14,11,7
Ridgewood,Queens,neighborhood,4,4,3,5,3,0,2,2,2,5,4,4,4,5,5,4,3,3,2,4,5,12,12,7,4,55,53,60,14,27,26,23,10,29,28,28,26,21,18,20,20,15,18,24,22,59,54,50,40,44,44,52,71,70,80,78,67,88,88,92,94,89,128,156,184,191,156,179,211,261,250,218,231,245,277,247,302,333,344,358,326,346,328,328,379,358,454,439,493,533,547,380,402,377,420,366,412,421,469,469,520,534,500,537,466,514,479,374,414,396,437,441,448,451,394,344,274,223,214,195,251,233,225
Riverdale,Bronx,neighborhood,113,125,122,100,93,65,52,58,42,48,63,62,72,61,66,67,78,79,100,106,87,86,77,76,89,86,88,81,93,102,115,101,87,102,102,94,83,80,77,90,104,104,107,100,82,75,93,95,101,118,141,138,155,199,187,172,163,142,154,150,154,134,153,142,108,138,167,151,169,159,159,151,184,181,162,144,149,159,157,163,152,166,178,171,198,194,211,196,210,218,189,142,157,177,158,158,183,185,181,200,193,179,214,227,199,284,255,245,287,264,244,224,223,214,221,188,178,195,195,177,181,165,142
Rockaway All,Queens,neighborhood,5,7,3,3,2,0,0,0,0,16,16,2,2,3,5,6,6,3,2,2,2,1,1,2,5,4,4,4,3,4,3,4,4,2,1,0,0,1,2,3,5,7,10,21,23,30,29,35,29,25,21,27,23,24,25,24,29,29,30,33,28,21,31,38,39,41,42,40,52,43,21,20,22,18,23,33,43,65,89,79,57,49,51,42,44,42,31,30,34,50,50,22,34,44,34,26,22,41,38,42,43,50,56,55,57,85,84,63,75,74,77,60,69,71,59,57,72,71,51,45,68,47,45
Roosevelt Island,Manhattan,neighborhood,30,39,46,42,31,39,61,52,55,44,47,45,44,42,56,51,39,40,31,33,39,40,39,36,24,26,22,30,35,39,43,28,26,25,43,38,45,23,29,39,52,45,53,43,46,43,41,34,35,36,31,38,40,36,39,52,49,56,45,49,47,49,65,37,45,51,63,69,84,83,89,74,61,69,74,54,48,61,61,58,73,67,64,54,92,92,96,66,58,58,43,54,57,49,45,40,57,62,71,75,93,95,88,77,82,81,74,69,80,90,83,82,106,102,81,83,59,46,34,40,54,52,58
Rosedale,Queens,neighborhood,0,0,0,0,0,0,0,0,0,0,0,0,0,0,0,0,0,0,0,0,0,0,0,0,0,0,1,1,1,0,0,1,1,0,0,0,0,0,0,0,0,0,0,0,0,0,0,1,2,2,2,2,0,1,1,1,0,1,0,3,0,0,0,0,0,1,1,2,2,2,3,4,3,3,2,4,2,0,1,2,6,3,3,4,3,5,4,2,5,8,7,1,1,1,0,0,1,0,2,1,0,3,3,4,3,4,1,2,1,1,2,3,3,3,1,3,2,2,0,1,1,0,0
Schuylerville,Bronx,neighborhood,1,1,1,1,0,0,0,0,0,0,0,0,0,0,0,0,0,0,0,0,0,0,0,0,0,0,0,0,0,0,0,0,0,1,2,2,1,0,0,0,2,1,1,2,1,0,0,0,0,0,0,0,0,0,0,1,1,0,2,5,4,1,0,0,0,1,1,1,2,2,2,2,4,2,2,4,7,5,5,3,5,2,4,3,7,9,9,6,3,3,1,1,1,1,2,1,2,3,0,3,3,4,7,8,7,3,1,2,3,2,1,3,2,4,6,6,5,1,3,4,4,1,1
Seagate,Brooklyn,neighborhood,0,0,0,0,0,0,0,0,0,0,0,0,0,0,0,0,0,0,0,0,0,0,0,0,0,0,0,0,0,0,0,0,0,0,0,0,0,1,1,1,1,1,1,1,0,0,0,0,0,0,0,2,2,0,0,0,0,0,0,0,0,0,0,0,0,0,0,0,1,3,1,1,0,0,0,2,3,4,4,2,3,2,2,2,2,0,2,2,4,4,1,0,1,4,2,2,1,5,6,6,6,4,2,1,2,3,2,1,2,0,0,0,2,2,1,2,0,0,0,0,1,1,1
Sheepshead Bay,Brooklyn,neighborhood,12,18,17,17,13,13,8,11,6,9,12,34,62,66,64,51,46,44,39,37,41,39,30,39,25,39,33,42,53,37,41,40,22,41,40,31,40,46,50,60,44,40,65,49,59,64,46,63,57,88,85,85,86,112,125,121,148,102,64,60,76,73,87,96,122,127,151,107,118,146,130,104,123,93,113,106,111,103,103,100,124,123,152,160,175,200,262,235,241,224,204,132,147,159,131,116,135,121,132,157,172,173,187,155,164,198,201,161,181,179,219,220,256,241,189,170,163,125,115,113,117,116,111
Soho,Manhattan,neighborhood,250,232,235,255,234,274,253,229,212,183,192,174,174,165,200,192,209,236,273,289,207,192,200,177,196,196,208,208,275,311,333,290,223,220,217,197,236,277,283,312,319,315,364,377,336,308,256,211,223,204,247,282,326,333,343,343,294,251,238,220,216,240,258,297,321,350,363,339,278,265,229,260,287,278,292,326,372,384,385,364,329,319,296,253,275,277,319,347,399,392,388,357,315,329,285,237,246,242,266,289,344,319,315,323,273,244,207,181,183,187,213,244,284,337,306,267,247,235,199,164,160,157,140
Soundview,Bronx,neighborhood,0,0,0,0,0,0,0,0,0,0,0,0,0,0,1,2,1,1,1,0,0,0,0,0,0,0,0,0,0,1,1,3,7,3,1,1,3,1,1,0,1,1,2,1,2,4,3,3,2,4,5,4,6,6,5,5,3,5,12,25,22,29,37,23,19,18,17,19,18,15,12,22,20,19,12,6,5,9,15,17,18,18,21,20,20,18,23,26,23,21,20,13,14,14,10,9,10,13,18,18,18,13,13,16,14,18,21,28,30,16,23,23,19,16,24,24,21,21,27,19,16,17,13
South Brooklyn,Brooklyn,submarket,239,240,237,231,183,188,182,204,162,181,204,201,249,327,357,337,330,346,332,335,300,295,272,267,240,270,256,246,286,315,334,340,315,391,361,311,426,424,451,455,502,481,583,610,625,783,851,822,975,1081,1007,1018,973,1078,1244,1362,1494,1568,1503,1531,1575,1516,1613,1688,1790,1899,1902,1977,1953,2107,1934,1755,1734,1607,1755,1767,1889,1940,1865,1952,1967,1926,2063,1983,2425,2573,3083,2921,3341,3561,3491,2327,2307,2626,2445,2146,2378,2375,2629,2786,3151,3237,3455,3529,2996,3516,3302,3012,3346,3102,3393,3163,3471,3126,3208,3276,2843,2617,2513,2179,2385,2245,1899
South Jamaica,Queens,neighborhood,0,0,0,0,0,0,0,0,0,0,0,0,0,0,0,0,0,0,0,0,0,0,0,0,0,0,0,0,1,1,1,0,0,0,0,0,0,1,1,1,1,1,1,1,1,1,1,0,1,1,1,1,1,1,0,0,0,3,3,1,2,2,0,1,1,0,1,1,1,1,3,1,0,1,1,0,0,1,0,0,0,0,2,2,1,1,1,0,4,5,4,0,1,3,1,1,4,5,1,1,2,3,1,1,2,2,2,2,2,3,5,2,2,2,3,6,9,2,3,5,4,4,3
South Ozone Park,Queens,neighborhood,0,0,0,0,1,1,1,0,0,0,0,0,0,0,0,0,0,0,0,0,0,0,0,0,1,1,1,0,0,0,0,0,0,0,0,0,0,0,0,0,0,0,1,1,1,2,3,2,1,3,3,4,2,2,1,1,1,0,0,3,4,4,3,1,1,1,2,2,1,0,0,0,3,3,2,1,0,0,0,0,0,0,0,0,0,3,3,2,4,6,3,2,1,2,1,2,2,2,4,3,3,4,3,2,0,0,1,2,2,0,2,1,3,3,4,2,1,4,4,2,2,3,2
South Queens,Queens,submarket,7,5,5,4,4,4,3,3,5,5,2,7,18,23,17,26,25,18,18,18,17,22,22,17,27,24,23,24,25,28,31,17,17,17,18,16,17,23,17,20,30,29,28,32,37,40,53,41,38,41,51,45,51,43,47,45,45,66,102,85,83,78,86,79,92,69,78,68,82,110,121,107,107,88,90,77,79,70,71,98,117,121,129,125,139,143,158,128,155,224,205,79,73,96,107,105,111,121,130,117,135,149,154,149,137,155,149,126,130,133,139,125,145,160,153,171,157,162,157,159,179,168,127
South Richmond Hill,Queens,neighborhood,0,0,0,0,0,0,0,0,0,0,0,0,0,0,0,1,1,2,1,0,0,0,0,0,1,1,0,0,0,0,1,1,1,1,1,1,0,0,0,1,1,2,2,2,2,2,3,3,3,2,2,5,4,4,1,0,0,1,2,1,1,2,3,3,1,1,1,0,0,2,2,5,9,2,2,3,3,3,3,2,3,3,2,3,4,5,2,1,3,8,5,4,3,4,4,5,4,3,2,5,4,5,5,5,3,3,4,4,3,4,6,6,5,6,5,4,2,3,5,5,6,7,5
Springfield Gardens,Queens,neighborhood,0,0,0,0,0,0,0,0,0,0,0,1,1,2,2,2,2,2,1,1,1,2,4,3,3,2,0,0,0,1,1,1,0,0,0,0,0,0,1,1,0,0,0,0,0,0,2,2,1,1,1,0,0,1,1,0,0,0,0,0,1,0,0,0,0,0,0,0,0,0,0,0,1,0,0,0,0,1,3,1,1,2,3,2,2,1,1,2,3,5,1,2,3,3,4,1,6,3,1,3,3,3,6,3,3,5,5,4,2,3,1,1,1,4,4,5,3,4,2,3,4,5,5
St. Albans,Queens,neighborhood,0,0,0,0,0,0,0,0,0,0,0,0,0,0,0,0,1,1,1,1,0,0,0,1,1,1,1,1,1,1,1,2,3,3,3,3,5,5,3,2,2,1,1,4,4,4,1,1,1,2,1,1,4,4,2,2,2,2,1,2,3,1,1,3,2,0,1,4,6,2,5,13,9,7,7,4,4,3,4,4,2,3,3,3,2,3,5,6,9,8,8,4,4,5,7,4,0,3,3,2,3,4,4,5,4,6,5,5,3,5,5,13,6,10,8,4,4,4,3,7,7,5,2
Staten Island,Staten Island,borough,7,5,6,6,2,3,2,3,5,5,5,6,5,4,4,4,5,5,6,5,6,5,3,5,5,6,4,8,8,13,17,16,18,15,16,13,10,10,11,12,23,27,21,17,15,61,80,44,32,38,32,33,47,43,50,38,50,53,49,57,75,79,95,102,98,63,57,63,68,81,74,70,63,65,74,81,81,80,78,96,99,106,119,99,95,99,116,104,119,86,81,34,51,53,74,76,93,91,91,70,80,79,81,86,79,99,89,90,97,96,75,67,65,47,57,60,69,65,62,49,49,51,44
Stuyvesant Town/PCV,Manhattan,neighborhood,4,4,5,5,9,12,9,3,1,1,1,4,9,9,0,0,0,1,1,1,5,6,18,24,21,29,31,25,15,12,34,53,79,87,70,53,65,42,28,30,26,23,9,9,9,64,64,39,37,296,510,1176,1178,762,81,73,56,51,36,38,33,25,36,65,336,310,438,400,263,173,77,63,90,108,85,114,115,135,151,122,93,79,81,89,113,100,97,98,94,100,143,112,104,71,64,31,77,56,120,119,82,46,67,88,100,101,76,91,41,40,57,75,57,65,60,58,33,25,17,18,18,17,16
Sunnyside,Queens,neighborhood,61,81,76,75,54,63,61,48,39,40,31,33,41,32,50,57,63,50,55,58,22,29,21,26,37,40,37,46,39,33,30,30,36,41,31,32,45,53,61,65,63,47,55,49,43,65,76,60,71,94,112,124,110,114,147,161,181,145,121,123,156,163,184,221,231,212,226,225,197,265,240,233,225,224,236,209,229,224,239,251,238,256,307,274,346,358,362,329,355,374,336,273,252,292,233,230,329,302,331,334,316,284,340,327,237,303,286,272,268,283,364,324,299,339,302,287,288,268,213,170,174,148,139
Sunset Park,Brooklyn,neighborhood,48,47,45,45,42,35,34,35,13,18,14,14,17,13,18,17,13,14,14,14,9,9,8,10,9,9,14,8,9,20,14,11,15,23,27,21,28,29,39,36,38,42,54,50,48,33,49,55,112,96,74,83,83,67,73,67,77,83,66,68,72,85,77,69,70,86,79,95,86,103,85,74,89,84,112,112,111,121,116,114,104,120,122,112,152,159,198,189,232,240,234,177,144,156,131,121,139,128,184,214,237,240,187,205,182,227,185,133,182,152,177,213,202,164,207,212,167,142,145,120,138,110,118
The Rockaways,Queens,submarket,5,7,3,3,2,0,0,0,0,16,16,2,2,3,5,6,6,3,2,2,2,1,1,2,5,4,4,4,3,4,3,4,4,2,1,0,0,1,2,3,5,7,10,21,23,30,29,35,29,25,21,27,23,24,25,24,29,29,30,33,28,21,31,38,39,41,42,40,52,43,21,20,22,18,23,33,43,65,89,79,57,49,51,42,44,42,31,30,34,50,50,22,34,44,34,26,22,41,38,42,43,50,56,55,57,85,84,63,75,74,77,60,69,71,59,57,72,71,51,45,68,47,45
Throgs Neck,Bronx,neighborhood,1,1,1,2,2,1,1,1,1,0,0,0,0,0,2,2,0,0,0,0,0,1,1,2,2,2,2,1,0,0,1,2,2,2,2,0,1,1,2,2,5,1,1,2,1,1,0,0,0,1,3,5,1,1,1,3,4,2,1,6,4,4,12,8,11,14,9,13,17,17,21,22,13,9,5,3,11,11,7,8,10,7,12,7,8,10,8,6,11,13,17,10,11,11,14,12,11,14,11,8,6,11,14,11,12,16,21,12,13,10,8,11,31,16,12,7,13,14,18,12,8,5,6
Tremont,Bronx,neighborhood,0,0,0,0,0,0,0,0,0,0,0,0,0,0,0,0,0,1,1,0,0,0,0,0,0,0,0,0,0,1,1,0,0,2,3,2,2,2,1,0,0,2,3,3,3,3,3,4,4,1,1,2,2,3,3,5,12,10,10,10,10,8,16,36,27,26,34,37,32,45,37,40,38,35,34,30,30,23,19,29,28,25,24,21,29,23,19,26,28,21,21,15,27,30,26,15,28,17,19,16,14,10,14,33,26,34,39,18,23,31,29,17,25,37,53,43,37,34,24,8,16,6,14
Tribeca,Manhattan,neighborhood,237,240,262,284,286,258,238,237,230,202,184,171,191,200,205,222,235,264,256,269,235,253,228,195,219,231,252,259,257,245,233,238,241,239,194,193,209,234,261,273,321,305,313,325,345,381,306,264,281,298,390,394,360,373,359,350,338,307,261,264,276,229,297,324,341,349,373,387,333,339,309,291,291,313,331,377,416,441,449,438,444,412,415,360,420,424,452,415,483,479,422,438,441,422,411,332,339,334,334,341,377,360,355,357,308,297,294,254,312,268,311,371,480,477,398,374,306,336,293,267,317,282,284
University Heights,Bronx,neighborhood,11,10,3,2,2,1,1,0,0,0,0,2,1,2,1,0,4,9,14,9,14,16,13,4,8,10,12,13,13,8,7,15,18,14,14,13,15,14,16,12,13,20,15,13,15,14,14,12,18,18,12,19,14,13,20,20,27,40,36,38,35,40,48,50,37,45,47,25,17,13,17,22,19,24,25,34,35,35,28,30,20,20,32,27,32,20,28,25,27,32,34,37,26,38,26,32,26,22,28,29,24,25,23,25,16,35,40,32,32,38,39,34,37,39,44,32,32,32,45,41,29,17,13
Upper East Side,Manhattan,neighborhood,2550,2653,2641,2589,2500,2670,2579,2556,2339,2378,2302,2404,2417,2283,2527,2333,2326,2394,2367,2345,2084,1980,1900,1747,1928,1959,2214,2270,2354,2540,2660,2617,2272,2287,2196,2070,2282,2147,2325,2645,2793,2801,3109,3275,2893,3087,2804,2649,2749,2868,2991,3096,3362,3379,3592,3441,3412,3274,2995,2769,2936,2827,3165,3303,3494,3675,3731,3607,3356,3445,3218,2933,3109,3132,3424,3561,3887,4122,4168,4158,3887,3752,3511,3179,3403,3226,3442,3432,3750,3952,3857,3332,3148,3236,2895,2565,2790,2722,2902,3075,3358,3535,3551,3452,2950,3000,2691,2347,2509,2500,2807,3049,3258,3246,3357,3095,2725,2485,2139,1880,2035,1812,1673
Upper West Side,Manhattan,neighborhood,2164,2188,2309,2455,2327,2414,2220,1924,1699,1669,1614,1560,1563,1576,1673,1608,1746,1955,2053,2080,1923,2034,1702,1588,1719,1810,1897,1967,2132,2254,2240,2262,1955,1939,1883,1798,1933,1973,2118,2299,2415,2430,2547,2514,2527,2589,2383,2508,2488,2537,2693,2690,2962,3359,3552,3279,2939,2809,2564,2462,2683,2568,2892,3100,3267,3522,3683,3403,3004,2884,2655,2646,2726,2725,2886,2921,3221,3556,3554,3647,3293,3183,3004,2777,2895,2809,3078,3094,3510,3739,3659,3161,2894,2861,2636,2331,2550,2435,2563,2768,2963,3081,3159,3180,2670,2619,2340,2075,2227,2073,2196,2364,2613,2818,2918,2725,2291,2128,1928,1778,1949,1798,1689
Utopia,Queens,neighborhood,0,0,0,0,1,1,0,0,1,1,0,0,0,0,0,1,1,2,1,1,1,1,1,1,1,1,1,1,1,1,1,1,1,1,1,1,1,1,1,1,1,1,1,1,1,1,1,1,1,1,1,1,1,1,1,1,2,1,1,1,1,1,1,1,1,1,1,1,1,1,1,1,1,2,3,2,2,2,2,0,0,0,0,0,1,0,0,0,0,0,0,1,1,1,1,1,0,0,0,0,0,0,1,3,2,3,1,0,0,1,2,2,1,0,0,1,0,0,0,0,0,0,0
Van Nest,Bronx,neighborhood,0,0,1,1,0,1,1,1,2,2,2,2,1,1,1,0,0,0,0,1,1,1,0,1,1,0,0,0,0,0,0,0,0,0,0,0,0,0,0,0,1,1,0,0,0,0,1,1,0,0,0,0,0,0,0,1,2,2,2,3,2,3,4,5,6,8,10,10,10,11,9,11,10,11,12,10,9,9,9,7,8,9,9,7,4,7,9,8,6,7,4,3,4,4,4,7,11,12,7,7,6,5,5,8,6,8,10,12,4,4,8,5,8,4,3,3,4,2,4,7,4,4,0
Wakefield,Bronx,neighborhood,0,0,0,0,0,0,0,0,0,0,0,0,0,0,1,1,1,1,1,3,3,3,3,3,3,3,4,4,3,3,4,4,5,2,3,3,3,3,3,2,2,3,6,1,3,4,7,6,5,3,2,4,4,5,11,15,11,12,20,20,30,34,22,22,23,35,35,21,15,22,15,17,16,20,24,22,23,20,17,18,25,25,21,14,16,12,15,18,16,14,11,10,9,11,6,7,4,5,9,4,12,25,23,17,14,13,7,17,22,26,21,16,13,16,18,20,28,4,4,6,12,14,9
Washington Heights,Manhattan,neighborhood,137,149,148,127,126,136,126,99,84,88,99,102,116,116,108,122,155,145,131,114,97,97,112,143,168,160,157,173,204,214,271,293,248,256,262,295,300,292,316,373,395,360,353,335,278,309,304,298,336,335,367,376,443,451,558,528,553,677,647,671,725,666,716,700,683,695,740,645,627,671,654,619,592,621,622,649,691,791,871,938,778,735,843,857,919,901,868,814,945,1067,1093,717,610,656,623,561,603,602,700,708,780,810,920,943,803,876,822,682,718,674,708,723,768,779,849,829,696,655,640,529,511,420,380
West Harlem,Manhattan,neighborhood,9,8,15,14,11,11,14,11,7,8,13,12,13,13,20,16,22,20,19,18,7,12,13,17,20,14,19,18,16,23,23,23,18,14,21,23,36,29,30,41,43,62,68,44,41,46,43,38,47,47,48,41,51,62,84,84,61,63,63,50,63,77,76,84,76,64,90,102,69,58,63,67,64,62,58,55,54,63,75,82,83,57,56,56,65,54,77,95,86,65,79,74,63,54,68,67,68,76,82,84,99,85,120,116,118,121,103,96,114,73,52,62,77,84,105,94,50,73,72,66,63,53,52
West Village,Manhattan,neighborhood,514,560,524,584,572,572,511,504,356,340,333,335,404,399,416,398,418,468,473,454,413,365,343,338,403,412,494,517,574,551,659,602,529,483,500,449,503,500,567,642,660,661,715,681,603,587,522,508,566,559,677,698,799,801,777,760,701,670,576,557,571,614,707,726,766,826,790,749,671,641,611,600,656,693,732,776,810,812,811,841,768,719,721,647,695,659,763,800,838,908,924,816,716,661,584,485,586,589,577,695,791,807,828,769,560,524,507,449,552,556,631,729,740,685,681,699,552,504,445,406,472,455,416
Westchester Village,Bronx,neighborhood,3,3,3,2,2,2,2,2,2,2,2,2,2,2,2,2,2,3,2,1,0,0,0,1,2,2,1,0,0,0,0,0,0,3,3,0,0,0,1,1,0,0,3,2,1,0,0,0,0,0,1,0,0,0,1,1,2,3,3,3,3,3,2,2,3,2,6,7,4,5,10,7,1,1,2,3,3,1,1,1,1,1,2,1,1,1,5,5,5,6,6,3,4,3,7,6,3,4,5,6,4,2,3,2,1,2,2,2,3,2,5,5,6,7,4,5,3,3,1,4,6,4,3
Whitestone,Queens,neighborhood,9,9,8,2,1,0,0,0,0,0,0,2,2,4,4,4,5,5,4,4,5,5,5,7,10,12,13,7,14,9,13,13,12,16,17,15,12,11,9,5,5,4,3,6,5,3,11,18,15,10,12,10,9,9,8,10,9,2,7,11,14,10,14,8,10,7,5,6,4,38,16,12,13,18,28,22,18,13,12,10,9,9,8,10,21,24,16,13,16,25,25,10,9,9,5,6,7,9,12,11,15,18,19,8,7,17,13,10,11,14,17,14,13,15,19,16,14,14,11,11,16,14,7
Williamsbridge,Bronx,neighborhood,0,0,0,0,0,0,0,0,0,0,0,0,0,0,1,1,1,0,0,1,1,0,1,0,0,0,7,7,5,5,5,2,2,1,1,2,2,3,3,2,1,2,5,3,3,4,3,7,7,4,3,2,4,4,10,5,4,7,11,10,5,6,10,18,21,15,10,5,6,14,16,9,4,5,9,8,8,8,10,6,6,5,6,5,8,11,18,15,15,14,10,4,7,6,9,8,10,8,6,5,14,15,14,4,8,15,12,15,16,13,16,16,25,22,18,21,18,12,9,15,16,14,6
Williamsburg,Brooklyn,neighborhood,317,315,342,316,282,303,308,305,236,220,218,171,175,229,253,233,275,288,275,260,294,291,279,403,354,373,371,391,427,435,473,539,647,661,630,624,603,554,510,573,556,628,842,961,935,994,924,1177,1241,1007,1038,1108,1190,1248,1498,1575,1330,1246,1426,1428,1591,1659,1656,1635,1652,1860,2187,2220,1721,1553,1416,1322,1627,1525,1634,1675,2083,2145,2177,2265,1970,1716,1679,1503,1833,1822,1982,1981,2338,2533,2548,2266,1940,1886,1523,1392,1543,1572,1789,2059,2492,2827,3367,3693,3076,3212,2754,2607,2855,2139,2031,1820,1777,1734,1691,1739,1311,1084,878,784,964,1034,1003
Windsor Terrace,Brooklyn,neighborhood,17,20,14,16,17,16,21,26,17,25,39,27,33,36,32,26,26,24,22,21,14,17,13,18,20,18,23,21,15,23,37,35,31,38,34,30,32,31,23,27,32,43,44,56,47,58,60,49,63,64,60,53,61,69,76,78,108,108,104,107,102,111,104,111,92,120,133,122,143,117,103,78,96,104,118,125,130,134,145,167,144,133,121,107,130,140,154,154,144,144,142,127,127,123,105,100,92,105,112,124,115,118,113,126,101,117,106,100,99,84,85,108,144,131,144,134,87,79,57,53,60,53,51
Woodhaven,Queens,neighborhood,0,0,0,0,0,1,1,0,0,0,0,0,1,1,1,2,2,1,2,2,1,2,4,3,2,2,1,1,1,2,3,4,5,4,4,3,3,3,2,1,1,2,2,2,3,3,4,1,1,4,8,7,8,6,10,7,5,14,29,13,13,23,40,37,46,11,9,7,13,15,18,15,12,7,7,7,6,7,6,10,8,9,10,10,13,18,24,19,19,26,25,18,13,11,9,10,16,12,17,20,21,13,16,14,14,16,15,16,16,20,17,17,13,20,18,26,18,23,19,27,28,19,9
Woodlawn,Bronx,neighborhood,0,0,0,0,0,0,0,0,0,0,0,0,0,0,0,0,0,0,0,1,1,1,1,1,2,0,0,0,0,1,3,2,1,0,0,0,1,1,1,0,0,0,0,0,0,0,0,0,0,1,1,0,0,0,0,1,0,0,0,0,1,3,2,1,0,0,0,0,0,0,2,1,1,1,1,4,5,4,2,2,2,3,4,4,3,7,10,7,5,4,10,6,5,9,7,1,0,2,6,2,3,1,0,3,4,4,5,9,6,9,7,14,6,5,4,3,3,4,5,5,4,5,3
Woodside,Queens,neighborhood,10,9,10,17,11,12,9,5,4,3,6,7,5,4,5,5,7,10,8,12,5,4,5,5,3,3,3,2,4,6,8,7,8,6,4,7,9,6,9,8,5,6,10,10,16,17,29,27,34,40,58,47,29,33,31,36,39,38,45,45,61,86,68,48,63,92,62,58,68,73,65,48,36,52,57,56,56,69,78,65,67,70,86,71,115,104,141,153,145,148,161,107,125,140,105,94,126,131,135,149,138,139,135,133,113,125,123,124,107,91,99,122,118,123,110,91,107,139,98,71,90,77,58
Woodstock,Bronx,neighborhood,0,1,1,1,1,1,0,0,0,1,1,1,0,0,0,0,0,0,1,1,0,1,2,2,2,1,1,1,2,3,3,4,5,2,5,5,5,3,4,9,3,2,5,4,4,3,6,5,6,4,4,5,6,8,7,7,9,9,10,7,6,4,3,5,5,4,6,8,9,7,6,5,5,7,6,6,9,6,7,7,7,4,6,6,9,10,11,7,11,8,10,9,8,8,11,6,6,4,4,15,17,13,21,22,17,18,24,20,17,12,7,19,24,31,21,30,28,17,12,5,10,19,11
